类目,类目内排名,消耗(元),ctr(%),建议文件名,素材URL
3C数码配件,1,95607.32,2.1293,3C数码配件_01_e10d6d43.mp4,http://adsmind.gdtimg.com/ads_svp_video__0bc33ecv4aafe4aexokarrvb7wiel3mqkxsa.f0.mp4
个护健康,1,200443.08,1.7383,个护健康_01_12621ef3.mp4,http://adsmind.gdtimg.com/ads_svp_video__0bc3kqagmaaaoyaftmcl6nvbuvaemzkaazsa.f0.mp4
个护健康,2,170679.77,3.0948,个护健康_02_253d0527.mp4,http://adsmind.gdtimg.com/ads_svp_video__0bc3yqagmaaaqaajzaz6mzvbvraem3caazsa.f0.mp4
个护健康,3,102598.64,2.7472,个护健康_03_bed3ece2.mp4,http://adsmind.gdtimg.com/ads_svp_video__0bc3reamyaaazeajqecqlrvbvciezseqbtca.f0.mp4
个护健康,4,93837.34,1.2001,个护健康_04_74423fa9.mp4,http://adsmind.gdtimg.com/ads_svp_video__0bc3y4aaaaaaleahu62cyfurvryeaddqaaca.f0.mp4
个护健康,5,86961.33,1.2936,个护健康_05_3a2b19f2.mp4,http://adsmind.gdtimg.com/ads_svp_video__0bc3kyaryaab2aakyqsqjrvbwvqedrlachca.f0.mp4
中小型健身器材,1,157026.49,1.3638,中小型健身器材_01_9b816f35.mp4,http://adsmind.gdtimg.com/ads_svp_video__0bc37uaneaaa7magz3krdjvbv7ie2l6qbusa.f0.mp4
中小型健身器材,2,111801.12,1.3034,中小型健身器材_02_0422d15e.mp4,http://adsmind.gdtimg.com/ads_svp_video__0bc3fuafqaaa6aajmiryvbvbulielawqawca.f0.mp4
人文社科,1,94700.86,2.7081,人文社科_01_7f18fdaf.mp4,http://adsmind.gdtimg.com/ads_svp_video__0b53eyaikaaazmapznsl5rvbwjqequtabbka.f0.mp4
休闲食品,1,664831.19,3.8261,休闲食品_01_4a237b6c.mp4,http://adsmind.gdtimg.com/ads_svp_video__0bc3haaiwaaaciaixbsfsfvbuoaerm4abc2a.f0.mp4
休闲食品,2,300525.23,2.3751,休闲食品_02_10809823.mp4,http://adsmind.gdtimg.com/ads_svp_video__0b53feab2aaaxuaiezcdebvbukieduuqahka.f0.mp4
休闲食品,3,292324.18,1.4444,休闲食品_03_de581c12.mp4,http://adsmind.gdtimg.com/ads_svp_video__0b53ueaeaaaa5ialwf22qfvbviieicqqaqca.f0.mp4
休闲食品,4,230378.93,4.1333,休闲食品_04_14812920.mp4,http://adsmind.gdtimg.com/ads_svp_video__0bc3zmameaaarmabw32qanvbvsyeylfqbqsa.f0.mp4
休闲食品,5,206930.13,5.1485,休闲食品_05_e18d488c.mp4,http://adsmind.gdtimg.com/ads_svp_video__0bc3aacp2aaeyaajf5j6wrvb4aae7uaaj7ka.f0.mp4
休闲食品,6,195715.73,4.6171,休闲食品_06_a9fae1da.mp4,http://adsmind.gdtimg.com/ads_svp_video__0b536eazcaaboaad5vczzrvbx4ieshyqdeka.f0.mp4
休闲食品,7,192788.75,2.2663,休闲食品_07_52116cd3.mp4,http://adsmind.gdtimg.com/ads_svp_video__0b53j4ae4aaahqaezrspljvbutyejzhqatsa.f0.mp4
休闲食品,8,186579.5,8.8476,休闲食品_08_e588cf69.mp4,http://adsmind.gdtimg.com/ads_svp_video__0bc3ceaneaaavaagdckqibvbueie2iiqbusa.f0.mp4
休闲食品,9,185497.35,2.6546,休闲食品_09_bca66fba.mp4,http://adsmind.gdtimg.com/ads_svp_video__0b537abrcaad3eam4hzlujvbt6aech4ageka.f0.mp4
休闲食品,10,179606.12,5.961,休闲食品_10_dda6da65.mp4,http://adsmind.gdtimg.com/ads_svp_video__0bc3zmaxuaabzmahg623wnvbxsyeplfqc6sa.f0.mp4
休闲食品,11,176431.37,3.1713,休闲食品_11_754afd4f.mp4,http://adsmind.gdtimg.com/ads_svp_video__0b53nqaegaaahiafwnkjzjvbw3aeinwaaq2a.f0.mp4
休闲食品,12,155985.16,2.6061,休闲食品_12_cbbe3021.mp4,http://adsmind.gdtimg.com/ads_svp_video__0bc35ianuaaabyabaasqujvbv2qe3lvabwsa.f0.mp4
休闲食品,13,146277.28,4.0884,休闲食品_13_7c72df4e.mp4,http://adsmind.gdtimg.com/ads_svp_video__0b53h4ah6aaa34aco6kdnvvbupyep47qa72a.f0.mp4
休闲食品,14,141961.12,2.997,休闲食品_14_ed58e208.mp4,http://adsmind.gdtimg.com/ads_svp_video__0b53siaacaaaoiahftcdkfvbveqeagjaaaka.f0.mp4
休闲食品,15,130660.12,2.8639,休闲食品_15_44d1eca4.mp4,http://adsmind.gdtimg.com/ads_svp_video__0b53byakoaaaduacdzcpn5vbudqeu4habj2a.f0.mp4
休闲食品,16,128064.11,3.3695,休闲食品_16_43fabb41.mp4,http://adsmind.gdtimg.com/ads_svp_video__0bc3x4aauaaapiamrnsdi5vbvpyebk7qacsa.f0.mp4
休闲食品,17,121009.96,3.0275,休闲食品_17_15c1b4ef.mp4,http://adsmind.gdtimg.com/ads_svp_video__0b53ciammaaa7yal4lynafvbueqeyyjabrsa.f0.mp4
休闲食品,18,120526.94,4.0096,休闲食品_18_4618c082.mp4,http://adsmind.gdtimg.com/ads_svp_video__0b53faaaiaaa6iabpsz5bfvbukaeaquaabca.f0.mp4
休闲食品,19,116503.62,3.1325,休闲食品_19_89c0d052.mp4,http://adsmind.gdtimg.com/ads_svp_video__0b537mao4aaa7yamepkspbvbv6ye535qb3sa.f0.mp4
休闲食品,20,113382.0,2.9818,休闲食品_20_0eb65fc0.mp4,http://adsmind.gdtimg.com/ads_svp_video__0bc3k4agiaaaqmagnjkptfvbuvyemrlqazca.f0.mp4
传统滋补品,1,376442.65,6.0064,传统滋补品_01_12cefd30.mp4,http://adsmind.gdtimg.com/ads_svp_video__0bc3c4aagaaafyaovj7jwjurufyeamlqaa2a.f0.mp4
传统滋补品,2,356482.33,5.6754,传统滋补品_02_84d2d58c.mp4,http://adsmind.gdtimg.com/ads_svp_video__0bc37eabuaaa4iaa64gwcnurv6iedl4qagsa.f0.mp4
传统滋补品,3,323293.25,4.1863,传统滋补品_03_d5e5d6d9.mp4,http://adsmind.gdtimg.com/ads_svp_video__0b53seagmaaao4an34zlvjvbveiem2iqazsa.f0.mp4
传统滋补品,4,322810.82,7.216,传统滋补品_04_31bdac83.mp4,http://adsmind.gdtimg.com/ads_svp_video__0b53kaab4aaadqaevbshtvvbuuaedziaahsa.f0.mp4
传统滋补品,5,307300.25,3.5706,传统滋补品_05_ebc32dd4.mp4,http://adsmind.gdtimg.com/ads_svp_video__0bc3p4ahoaaav4ac4dkm2vvbu7yeo57qa52a.f0.mp4
传统滋补品,6,291458.62,3.9579,传统滋补品_06_84216f77.mp4,http://adsmind.gdtimg.com/ads_svp_video__0b53zyajqaaajiah7ncngfvbvtqetdhabgca.f0.mp4
传统滋补品,7,267779.32,4.3803,传统滋补品_07_312c2d00.mp4,http://adsmind.gdtimg.com/ads_svp_video__0bc3dicymaafpeahveo45bur6gqeqynalbsa.f0.mp4
传统滋补品,8,264489.82,4.2436,传统滋补品_08_8ad4fbbc.mp4,http://adsmind.gdtimg.com/ads_svp_video__0bc3k4dewaag2mamfvxobjuryvyejnlqms2a.f0.mp4
传统滋补品,9,196808.48,8.4218,传统滋补品_09_bd1faa6a.mp4,http://adsmind.gdtimg.com/ads_svp_video__0bc324ahsaaatqamrfbpvjvbvvyephlqa6ka.f0.mp4
传统滋补品,10,177396.4,3.7436,传统滋补品_10_331f402b.mp4,http://adsmind.gdtimg.com/ads_svp_video__0b53vibbiaacz4ammgi4zfvbrkqecsvaefca.f0.mp4
传统滋补品,11,177248.19,2.218,传统滋补品_11_091c4497.mp4,http://adsmind.gdtimg.com/ads_svp_video__0b53oiaaqaaa3aam5d2bhjvbu4qebbzaacca.f0.mp4
传统滋补品,12,160062.55,3.8004,传统滋补品_12_d4ba45d2.mp4,http://adsmind.gdtimg.com/ads_svp_video__0b535uaneaaahqahhacqifvbv3ie2lwqbusa.f0.mp4
传统滋补品,13,150899.71,1.7455,传统滋补品_13_ac5da2c2.mp4,http://adsmind.gdtimg.com/ads_svp_video__0bc3rqakgaaataaepsxwgvubvdaeuogabi2a.f0.mp4
传统滋补品,14,144654.47,4.9698,传统滋补品_14_22997fb6.mp4,http://adsmind.gdtimg.com/ads_svp_video__0b53pua2caabhmahkusyz5vbw7ieuf6qdika.f0.mp4
传统滋补品,15,142718.16,7.0509,传统滋补品_15_e6f0449e.mp4,http://adsmind.gdtimg.com/ads_svp_video__0b53ruagmaaabaaakhklyfvbvdiem2gqazsa.f0.mp4
传统滋补品,16,142315.69,5.6669,传统滋补品_16_0dca922b.mp4,http://adsmind.gdtimg.com/ads_svp_video__0bc3dydmyaagzaaoqmxmyruryhqezqpantca.f0.mp4
传统滋补品,17,139425.68,2.2071,传统滋补品_17_bae0de7b.mp4,http://adsmind.gdtimg.com/ads_svp_video__0b53dyagoaaasuaiioigznvbuhqem4paaz2a.f0.mp4
传统滋补品,18,135589.66,4.2194,传统滋补品_18_cdb0f806.mp4,http://adsmind.gdtimg.com/ads_svp_video__0bc32ybxiaadfyakybbiafvbtvqeotlag5ca.f0.mp4
传统滋补品,19,133306.11,1.8296,传统滋补品_19_5d0adad8.mp4,http://adsmind.gdtimg.com/ads_svp_video__0bc354awkaab6qaj242xb5vbx3yemxxqczka.f0.mp4
传统滋补品,20,130896.28,1.7984,传统滋补品_20_27b20ee5.mp4,http://adsmind.gdtimg.com/ads_svp_video__0bc3vackaaaemeac2hb7pvvb5kaeucuajica.f0.mp4
保健滋补,1,494709.59,7.754,保健滋补_01_99089b61.mp4,http://adsmind.gdtimg.com/ads_svp_video__0bc3iiauaaabrqag4ssx2nvbuqqeibbacqca.f0.mp4
保健滋补,2,437205.7,2.4672,保健滋补_02_e056545d.mp4,http://adsmind.gdtimg.com/ads_svp_video__0b53jibfeaacoeap3krdtjvbqsqekjfaeusa.f0.mp4
保健滋补,3,403715.48,3.7532,保健滋补_03_dde8caa6.mp4,http://adsmind.gdtimg.com/ads_svp_video__0bc3syae4aaaiqapc3bb7bvbvfqej2laatsa.f0.mp4
保健滋补,4,261752.93,3.2739,保健滋补_04_d615a31c.mp4,http://adsmind.gdtimg.com/ads_svp_video__0bc3c4b4caadriambl2amvvbqfyeyelqhqka.f0.mp4
保健滋补,5,244935.96,4.1615,保健滋补_05_202f3ec8.mp4,http://adsmind.gdtimg.com/ads_svp_video__0b53juafaaaaeuafqfskyvvbutiekbgqauca.f0.mp4
保健滋补,6,226588.05,2.4095,保健滋补_06_4b7ecdad.mp4,http://adsmind.gdtimg.com/ads_svp_video__0b53q4alaaaat4aopsb6invbvbyewcdqbmca.f0.mp4
保健滋补,7,220656.41,3.7949,保健滋补_07_71a46cf5.mp4,http://adsmind.gdtimg.com/ads_svp_video__0bc3uuaxmaabxaadfdk2t5vbvjieo2sqc5sa.f0.mp4
保健滋补,8,219905.39,1.1236,保健滋补_08_2e11ed03.mp4,http://adsmind.gdtimg.com/ads_svp_video__0bc3fmaacaaaemaih6kdkbvbukyeaevqaaka.f0.mp4
保健滋补,9,206440.09,3.451,保健滋补_09_cc64b8a0.mp4,http://adsmind.gdtimg.com/ads_svp_video__0b53cqagoaaapqag7rckbjvbufaem4kaaz2a.f0.mp4
保健滋补,10,169287.07,2.299,保健滋补_10_34fa39a9.mp4,http://adsmind.gdtimg.com/ads_svp_video__0bc3eqbu2aadcuamujrj5nvbsjaejusagtka.f0.mp4
保健滋补,11,168121.96,3.7998,保健滋补_11_59cb78f7.mp4,http://adsmind.gdtimg.com/ads_svp_video__0b53rqakgaaanqanqcr4knvbxdaeuogabi2a.f0.mp4
保健滋补,12,146821.04,3.0065,保健滋补_12_f7274a80.mp4,http://adsmind.gdtimg.com/ads_svp_video__0bc3uiaicaaazmamjxkdrzvbviqeqgrabaka.f0.mp4
保健滋补,13,131558.86,6.0748,保健滋补_13_e5c2c780.mp4,http://adsmind.gdtimg.com/ads_svp_video__0bc3n4bfmaacxaaho7a6nrvbs3yekzxqevsa.f0.mp4
保健滋补,14,118153.15,1.4278,保健滋补_14_4bae0167.mp4,http://adsmind.gdtimg.com/ads_svp_video__0b534uanuaaadyagxqjldfvbvzie3lsqbwsa.f0.mp4
保健滋补,15,114379.59,4.2734,保健滋补_15_5ab2b71a.mp4,http://adsmind.gdtimg.com/ads_svp_video__0bc3tuapoaaariajpm2sojvbxhie66oqb52a.f0.mp4
保健滋补,16,107152.27,3.6293,保健滋补_16_3252a651.mp4,http://adsmind.gdtimg.com/ads_svp_video__0b53aeadyaaajuacrmcwt5vbwaiehqaqapca.f0.mp4
保健滋补,17,104722.53,4.7813,保健滋补_17_f28d22aa.mp4,http://adsmind.gdtimg.com/ads_svp_video__0bc3ouavuaabwyahjg2xhjvbu5ielj2qcwsa.f0.mp4
保健滋补,18,101401.57,2.6214,保健滋补_18_98d78e09.mp4,http://adsmind.gdtimg.com/ads_svp_video__0b53iqab4aaawmaihisdejvburaedzcaahsa.f0.mp4
保健滋补,19,101040.15,3.0314,保健滋补_19_ba20d2b2.mp4,http://adsmind.gdtimg.com/ads_svp_video__0b53o4abyaaa64ach4sdfnvbu5yedr3qahca.f0.mp4
保健滋补,20,93924.43,5.8291,保健滋补_20_6ebd81dc.mp4,http://adsmind.gdtimg.com/ads_svp_video__0bc3jycb4aaetuaotxpblvur4tqedzhaihsa.f0.mp4
内衣裤袜/睡衣/家居服,1,377177.42,1.4616,内衣裤袜/睡衣/家居服_01_2328bd3f.mp4,http://adsmind.gdtimg.com/ads_svp_video__0b53p4afaaaa7aaic42ihvvbu7yekb7qauca.f0.mp4
内衣裤袜/睡衣/家居服,2,319898.18,1.1411,内衣裤袜/睡衣/家居服_02_df203097.mp4,http://adsmind.gdtimg.com/ads_svp_video__0b53tabnyaacjuaiuxbtvzvbrgae3smafxca.f0.mp4
内衣裤袜/睡衣/家居服,3,270601.91,2.1594,内衣裤袜/睡衣/家居服_03_be503fec.mp4,http://adsmind.gdtimg.com/ads_svp_video__0b53lyaz6aabsaadeqcy65vbwxqet5padh2a.f0.mp4
内衣裤袜/睡衣/家居服,4,264546.37,1.7227,内衣裤袜/睡衣/家居服_04_4b6254c1.mp4,http://adsmind.gdtimg.com/ads_svp_video__0b53xuaq2aabsaagf5csrbvbxpiebw6qcdka.f0.mp4
内衣裤袜/睡衣/家居服,5,226878.92,1.3506,内衣裤袜/睡衣/家居服_05_a31ee2ef.mp4,http://adsmind.gdtimg.com/ads_svp_video__0b53gactkaafe4aa7jkg75vb6maeguyaknka.f0.mp4
内衣裤袜/睡衣/家居服,6,226107.08,1.4384,内衣裤袜/睡衣/家居服_06_0b62bb42.mp4,http://adsmind.gdtimg.com/ads_svp_video__0b536iacqaaa7uabcsq2qbvbv4qefdzaakca.f0.mp4
内衣裤袜/睡衣/家居服,7,218712.37,1.861,内衣裤袜/睡衣/家居服_07_ce50890a.mp4,http://adsmind.gdtimg.com/ads_svp_video__0b53tqae6aaabeabr7cmu5vbvhaej6oaat2a.f0.mp4
内衣裤袜/睡衣/家居服,8,203520.25,1.7128,内衣裤袜/睡衣/家居服_08_d028c65e.mp4,http://adsmind.gdtimg.com/ads_svp_video__0bc3kib3gaadnqag5nzmabvbsuqewnjahm2a.f0.mp4
内衣裤袜/睡衣/家居服,9,191398.72,2.0435,内衣裤袜/睡衣/家居服_09_95b5e61a.mp4,http://adsmind.gdtimg.com/ads_svp_video__0bc3v4a2eaab2aadfesfi5vbvlyeukxqdisa.f0.mp4
内衣裤袜/睡衣/家居服,10,183718.06,1.0566,内衣裤袜/睡衣/家居服_10_a7e414a1.mp4,http://adsmind.gdtimg.com/ads_svp_video__0b53cibwuaadjuakytbiybvbseqenijag2sa.f0.mp4
内衣裤袜/睡衣/家居服,11,173224.56,1.1837,内衣裤袜/睡衣/家居服_11_37584ee7.mp4,http://adsmind.gdtimg.com/ads_svp_video__0b53duapuaaaeuafeda2sfvbuhie7ioqb6sa.f0.mp4
内衣裤袜/睡衣/家居服,12,169367.4,2.43,内衣裤袜/睡衣/家居服_12_0740602e.mp4,http://adsmind.gdtimg.com/ads_svp_video__0bc3riasqaabkuaa5vktpbvbvcqefcfackca.f0.mp4
内衣裤袜/睡衣/家居服,13,153286.91,1.1559,内衣裤袜/睡衣/家居服_13_8e5a6c9b.mp4,http://adsmind.gdtimg.com/ads_svp_video__0b53iebi4aac54aaocraevvbqqierzaqfdsa.f0.mp4
内衣裤袜/睡衣/家居服,14,152312.94,1.865,内衣裤袜/睡衣/家居服_14_df7c5524.mp4,http://adsmind.gdtimg.com/ads_svp_video__0bc3nid34aahpmal62x3lfury2qexzvappsa.f0.mp4
内衣裤袜/睡衣/家居服,15,144731.7,2.0187,内衣裤袜/睡衣/家居服_15_eae8604a.mp4,http://adsmind.gdtimg.com/ads_svp_video__0b53reakcaaaxiaoaxspmvvbvcieugeqbika.f0.mp4
内衣裤袜/睡衣/家居服,16,143943.35,2.3616,内衣裤袜/睡衣/家居服_16_6cbb2b4e.mp4,http://adsmind.gdtimg.com/ads_svp_video__0b53iaackaaalaag4vscbbvbuqaeevaaajka.f0.mp4
内衣裤袜/睡衣/家居服,17,142002.08,1.7344,内衣裤袜/睡衣/家居服_17_a1765dc3.mp4,http://adsmind.gdtimg.com/ads_svp_video__0b535iccyaae6uadiobrtfvb52qeftvailca.f0.mp4
内衣裤袜/睡衣/家居服,18,124045.71,1.1469,内衣裤袜/睡衣/家居服_18_2ef6abe3.mp4,http://adsmind.gdtimg.com/ads_svp_video__0bc36eaj6aaaxeaj4b22hzvbv4iet7yqbh2a.f0.mp4
内衣裤袜/睡衣/家居服,19,118203.87,1.218,内衣裤袜/睡衣/家居服_19_eb55a6a9.mp4,http://adsmind.gdtimg.com/ads_svp_video__0b53cyabeaaa34acib2fjfvbwfqecilaaesa.f0.mp4
内衣裤袜/睡衣/家居服,20,116972.17,1.7372,内衣裤袜/睡衣/家居服_20_6b030290.mp4,http://adsmind.gdtimg.com/ads_svp_video__0bc3xubmuaac2maho2baunvbtpiezk6qfssa.f0.mp4
医药非药械类,1,543583.21,2.858,医药非药械类_01_79e821e3.mp4,http://adsmind.gdtimg.com/ads_svp_video__0bc3h4cb6aae5ianayr5brvb4pyed47qih2a.f0.mp4
医药非药械类,2,406950.98,2.9213,医药非药械类_02_320a9a2f.mp4,http://adsmind.gdtimg.com/ads_svp_video__0b53oqaz6aabjiakmoriabvbw5aet52adh2a.f0.mp4
医药非药械类,3,346039.15,2.5031,医药非药械类_03_cdfb6a63.mp4,http://adsmind.gdtimg.com/ads_svp_video__0b53uqaasaaagyad55kfmrvbvjaebgsaacka.f0.mp4
医药非药械类,4,331270.51,3.7082,医药非药械类_04_690214c0.mp4,http://adsmind.gdtimg.com/ads_svp_video__0bc3ymae4aaasiahkgkckjvbxqyej3bqatsa.f0.mp4
医药非药械类,5,230135.45,2.4741,医药非药械类_05_92b2ca8c.mp4,http://adsmind.gdtimg.com/ads_svp_video__0bc3jyackaaaaiagmmsfofvbutqeevhaajka.f0.mp4
医药非药械类,6,206377.04,2.4089,医药非药械类_06_12e049aa.mp4,http://adsmind.gdtimg.com/ads_svp_video__0b53reamsaaaqaamxdcpu5vbvciezgeqbska.f0.mp4
医药非药械类,7,204648.39,2.7728,医药非药械类_07_9b42b8e3.mp4,http://adsmind.gdtimg.com/ads_svp_video__0bc3eaajyaaakmaj47spkzvbuiaetqqabhca.f0.mp4
医药非药械类,8,201080.88,1.6992,医药非药械类_08_b4bc5626.mp4,http://adsmind.gdtimg.com/ads_svp_video__0bc3teacqaaazuag4dsfpbvbvgiefcmqakca.f0.mp4
医药非药械类,9,195696.43,2.1075,医药非药械类_09_f880f2b0.mp4,http://adsmind.gdtimg.com/ads_svp_video__0bc3qialkaaa54ajen2gu5vbvaqewwbabnka.f0.mp4
医药非药械类,10,179766.24,1.7741,医药非药械类_10_95250b05.mp4,http://adsmind.gdtimg.com/ads_svp_video__0bc3qaacgaaafmakqlcgjvvbvaaeeoaaai2a.f0.mp4
医药非药械类,11,164623.94,2.0761,医药非药械类_11_3e61969e.mp4,http://adsmind.gdtimg.com/ads_svp_video__0bc3u4aeyaaaf4anymsifnvbvjyejstqatca.f0.mp4
医药非药械类,12,145962.91,1.608,医药非药械类_12_bda17763.mp4,http://adsmind.gdtimg.com/ads_svp_video__0b53niabmaaa44apfakxvvvbu2qeczvaafsa.f0.mp4
医药非药械类,13,143828.11,5.491,医药非药械类_13_a4bef50b.mp4,http://adsmind.gdtimg.com/ads_svp_video__0bc3lmbemaacmiac4hjq55vbqwyeiznqersa.f0.mp4
医药非药械类,14,141311.17,1.4185,医药非药械类_14_714e986e.mp4,http://adsmind.gdtimg.com/ads_svp_video__0bc33icfkaaewiaii3b4rzvb5wqekxnaivka.f0.mp4
医药非药械类,15,128156.84,1.9691,医药非药械类_15_c5de0f14.mp4,http://adsmind.gdtimg.com/ads_svp_video__0b53beadeaaakuakcd2iurvbuciegieqamsa.f0.mp4
医药非药械类,16,119860.23,2.7507,医药非药械类_16_5f48a25c.mp4,http://adsmind.gdtimg.com/ads_svp_video__0b53oaaciaaatmafnlz5frvbu4aeeryaajca.f0.mp4
医药非药械类,17,118076.6,2.2272,医药非药械类_17_4c1f731a.mp4,http://adsmind.gdtimg.com/ads_svp_video__0b53becvyaafzuakdbcg4bvb6cielqeqkxca.f0.mp4
医药非药械类,18,110776.61,1.4951,医药非药械类_18_8bb9c872.mp4,http://adsmind.gdtimg.com/ads_svp_video__0b53ieaagaaanyalojjhz5vbuqieanaqaa2a.f0.mp4
医药非药械类,19,105725.19,2.1714,医药非药械类_19_8a53ab57.mp4,http://adsmind.gdtimg.com/ads_svp_video__0bc32mbpeaacqaajoyjrqrvbruye6ljqf4sa.f0.mp4
医药非药械类,20,94224.87,1.8562,医药非药械类_20_fde50c5c.mp4,http://adsmind.gdtimg.com/ads_svp_video__0b53fiahiaaa5uacsg2m3nvbukqeoqvaa5ca.f0.mp4
厨房用具,1,372288.16,4.4664,厨房用具_01_27fbf938.mp4,http://adsmind.gdtimg.com/ads_svp_video__0bc3naae4aaaouaf2szrsjvbu2aejzuaatsa.f0.mp4
厨房用具,2,170757.8,2.042,厨房用具_02_6f7f246c.mp4,http://adsmind.gdtimg.com/ads_svp_video__0bc3luabgaaatqacjxxp5vubuxiecnoqae2a.f0.mp4
厨房用具,3,135756.55,5.3341,厨房用具_03_36fa865a.mp4,http://adsmind.gdtimg.com/ads_svp_video__0bc3aacbsaaeoaao4erryzvb4aaedeaaigka.f0.mp4
厨房用具,4,120365.11,2.0419,厨房用具_04_e25a0f72.mp4,http://adsmind.gdtimg.com/ads_svp_video__0bc3jyadmaaaxiapwxnl2nubutqegzhaansa.f0.mp4
厨房用具,5,116564.44,3.721,厨房用具_05_cfc66814.mp4,http://adsmind.gdtimg.com/ads_svp_video__0b53rebwwaadkiajjwb66zvbtcienoeqg22a.f0.mp4
厨房用具,6,107966.91,2.2372,厨房用具_06_11a04bd0.mp4,http://adsmind.gdtimg.com/ads_svp_video__0bc3pyaawaaauuaonhsegnuru7qebn7aac2a.f0.mp4
厨房用具,7,106417.16,1.7235,厨房用具_07_8461b130.mp4,http://adsmind.gdtimg.com/ads_svp_video__0bc3v4ciuaael4akqqj2tnvb5lyerkxqjcsa.f0.mp4
厨房用具,8,89255.13,2.4282,厨房用具_08_dfec443e.mp4,http://adsmind.gdtimg.com/ads_svp_video__0b536abjuaaceaaje6za5nvbr4aetlyafgsa.f0.mp4
口腔洗护,1,458869.94,1.7106,口腔洗护_01_433af2d2.mp4,http://adsmind.gdtimg.com/ads_svp_video__0bc3kmaqmaaboyajzpsqlvvbwuyeazjqcbsa.f0.mp4
口腔洗护,2,308463.39,2.5647,口腔洗护_02_7aed91a9.mp4,http://adsmind.gdtimg.com/ads_svp_video__0bc3fmab2aaaaiapp4jx5fvbukyeduvqahka.f0.mp4
口腔洗护,3,306833.01,2.3943,口腔洗护_03_843ba608.mp4,http://adsmind.gdtimg.com/ads_svp_video__0b53paapwaaaa4aga3crsrvbu6ae7n4ab62a.f0.mp4
口腔洗护,4,263645.95,4.0878,口腔洗护_04_812e7515.mp4,http://adsmind.gdtimg.com/ads_svp_video__0b53gabzmaadyiacv7bmkbvbqmaesyyahfsa.f0.mp4
口腔洗护,5,232664.04,1.766,口腔洗护_05_da8d4201.mp4,http://adsmind.gdtimg.com/ads_svp_video__0b53waa7yaab6yadyxtbgvvbvmae7syad7ca.f0.mp4
口腔洗护,6,179225.05,2.4923,口腔洗护_06_294b8484.mp4,http://adsmind.gdtimg.com/ads_svp_video__0b537iadwaaaxyak27js3fvbx6qehp5aao2a.f0.mp4
口腔洗护,7,163029.94,2.1666,口腔洗护_07_7e2c2acd.mp4,http://adsmind.gdtimg.com/ads_svp_video__0bc3qmaaoaaafaajpwk425vbvayea6bqab2a.f0.mp4
口腔洗护,8,151601.03,1.3325,口腔洗护_08_e8f1b21e.mp4,http://adsmind.gdtimg.com/ads_svp_video__0b53feahsaaaiaaiwkfbefubukiepeuqa6ka.f0.mp4
口腔洗护,9,144339.99,1.6227,口腔洗护_09_73f2b94d.mp4,http://adsmind.gdtimg.com/ads_svp_video__0b53cmbfuaaccmacmdvegburqeyelijqewsa.f0.mp4
口腔洗护,10,126081.18,1.9045,口腔洗护_10_c6b8a5cf.mp4,http://adsmind.gdtimg.com/ads_svp_video__0bc3qua52aab44aahl4v5nubxbie3wcqdxka.f0.mp4
口腔洗护,11,121470.3,1.1493,口腔洗护_11_aa19abbd.mp4,http://adsmind.gdtimg.com/ads_svp_video__0b53vqbwwaadaqagi4fthzurtlaenowag22a.f0.mp4
口腔洗护,12,116828.7,1.2487,口腔洗护_12_a7b635ca.mp4,http://adsmind.gdtimg.com/ads_svp_video__0bc3wad6saahfuaeuup5qjur3mae5gyap2ka.f0.mp4
口腔洗护,13,114789.6,4.5024,口腔洗护_13_dc029cae.mp4,http://adsmind.gdtimg.com/ads_svp_video__0bc3e4afsaaao4aby5bsqrvbujyeletqawka.f0.mp4
口腔洗护,14,113481.96,1.8918,口腔洗护_14_9642b8f8.mp4,http://adsmind.gdtimg.com/ads_svp_video__0bc3wuaaqaaajaaeuobn2jvbvniebc2qacca.f0.mp4
口腔洗护,15,108014.94,1.788,口腔洗护_15_33100006.mp4,http://adsmind.gdtimg.com/ads_svp_video__0bc3qycuwaafuqailno4bvur5bqejodaks2a.f0.mp4
口腔洗护,16,106430.78,1.1578,口腔洗护_16_5d4de434.mp4,http://adsmind.gdtimg.com/ads_svp_video__0b53xaahiaaa5qaehvccpbvbvoaeos4aa5ca.f0.mp4
口腔洗护,17,105351.03,4.4224,口腔洗护_17_052fc1cc.mp4,http://adsmind.gdtimg.com/ads_svp_video__0b536eajkaaaaqafm5cngbvbx4iesxyqbfka.f0.mp4
口腔洗护,18,102567.05,2.9794,口腔洗护_18_5da8e0a5.mp4,http://adsmind.gdtimg.com/ads_svp_video__0b5334aocaaav4acknbkefvbxxye4hpqbyka.f0.mp4
口腔洗护,19,95037.08,3.1461,口腔洗护_19_4e147d83.mp4,http://adsmind.gdtimg.com/ads_svp_video__0b53t4aaeaaalean3xknmvvbxhyeakpqaasa.f0.mp4
口腔洗护,20,94980.53,1.2923,口腔洗护_20_befe79ee.mp4,http://adsmind.gdtimg.com/ads_svp_video__0b53nqarmaab54ahcpy4bjurw3aeczwacfsa.f0.mp4
外用贴膏或凝胶,1,187906.47,1.0535,外用贴膏或凝胶_01_f3ebc590.mp4,http://adsmind.gdtimg.com/ads_svp_video__0b53xmac4aaakmalbob32bvbvoyef25qalsa.f0.mp4
外用贴膏或凝胶,2,111833.36,4.5893,外用贴膏或凝胶_02_98412d94.mp4,http://adsmind.gdtimg.com/ads_svp_video__0bc3tuakmaaagyagyvcm7vvbvhieu2oqbjsa.f0.mp4
头发洗护/造型,1,461540.71,2.9997,头发洗护/造型_01_d8c7afe6.mp4,http://adsmind.gdtimg.com/ads_svp_video__0bc3fmausaabh4ankqkuervbwkyejevqcska.f0.mp4
头发洗护/造型,2,402175.49,1.0869,头发洗护/造型_02_95f41460.mp4,http://adsmind.gdtimg.com/ads_svp_video__0b53gmadsaaakuakgkshkbvbumyehezqaoka.f0.mp4
头发洗护/造型,3,290439.74,2.9938,头发洗护/造型_03_f32b6bf2.mp4,http://adsmind.gdtimg.com/ads_svp_video__0b53qyadcaaageamegr3z5vbvbqeggdaamka.f0.mp4
头发洗护/造型,4,270326.9,1.6629,头发洗护/造型_04_fd99457c.mp4,http://adsmind.gdtimg.com/ads_svp_video__0b5324bxgaadauainejpyrvbtvyeoplqg42a.f0.mp4
头发洗护/造型,5,261328.73,2.3944,头发洗护/造型_05_9bcc1b05.mp4,http://adsmind.gdtimg.com/ads_svp_video__0bc3oqaqkaabeqajgktj3furw5aeav2acbka.f0.mp4
头发洗护/造型,6,257366.36,3.1127,头发洗护/造型_06_184eb965.mp4,http://adsmind.gdtimg.com/ads_svp_video__0bc3umcx2aaf5aaliqkaynvb7iyepwrqk7ka.f0.mp4
头发洗护/造型,7,240858.46,2.1562,头发洗护/造型_07_c2a2e281.mp4,http://adsmind.gdtimg.com/ads_svp_video__0bc32eaouaaabmakkhsqwfvbvuie5liqb2sa.f0.mp4
头发洗护/造型,8,228106.04,1.4694,头发洗护/造型_08_d9ef9caa.mp4,http://adsmind.gdtimg.com/ads_svp_video__0bc37eaboaaagqac4ocppfvbv6iec74qaf2a.f0.mp4
头发洗护/造型,9,212446.27,1.2762,头发洗护/造型_09_ee52ecd6.mp4,http://adsmind.gdtimg.com/ads_svp_video__0bc3wmap4aaanqam52n5bjurvmye72zqb7sa.f0.mp4
头发洗护/造型,10,184394.17,1.3403,头发洗护/造型_10_c090a715.mp4,http://adsmind.gdtimg.com/ads_svp_video__0b53neaaoaaaj4apxwsmkrvbw2iea5uqab2a.f0.mp4
头发洗护/造型,11,180591.63,0.6248,头发洗护/造型_11_8f904161.mp4,http://adsmind.gdtimg.com/ads_svp_video__0bc37ia7caablyanbos6mjvbv6qe6h5ad4ka.f0.mp4
头发洗护/造型,12,176933.25,2.3793,头发洗护/造型_12_62839f34.mp4,http://adsmind.gdtimg.com/ads_svp_video__0bc354axoaabnaalvg2z4nvbx3yeo7xqc52a.f0.mp4
头发洗护/造型,13,165833.1,1.3308,头发洗护/造型_13_2822faa5.mp4,http://adsmind.gdtimg.com/ads_svp_video__0bc3qmag4aaalqacl5btwnvbvayen2bqa3sa.f0.mp4
头发洗护/造型,14,148892.23,2.9157,头发洗护/造型_14_1ddf438b.mp4,http://adsmind.gdtimg.com/ads_svp_video__0b53vyasoaab44ap3z2vwrvbxlqee6xacj2a.f0.mp4
头发洗护/造型,15,145479.64,1.077,头发洗护/造型_15_01bcb9ff.mp4,http://adsmind.gdtimg.com/ads_svp_video__0bc3maao6aaakyajdikpx5vbwyae55qab32a.f0.mp4
头发洗护/造型,16,140902.24,1.1406,头发洗护/造型_16_32ffaad8.mp4,http://adsmind.gdtimg.com/ads_svp_video__0b53omabqaaavyaiedkdljvbu4yedbzqagca.f0.mp4
头发洗护/造型,17,140283.56,3.6218,头发洗护/造型_17_4b28504d.mp4,http://adsmind.gdtimg.com/ads_svp_video__0bc32ybreaadpead6bjjzfvbtvqecllagesa.f0.mp4
头发洗护/造型,18,137175.35,2.6461,头发洗护/造型_18_acc29c27.mp4,http://adsmind.gdtimg.com/ads_svp_video__0b53fma4saabmmaoygzcqzvbwkyezevqdska.f0.mp4
头发洗护/造型,19,136584.29,2.0094,头发洗护/造型_19_9a25b580.mp4,http://adsmind.gdtimg.com/ads_svp_video__0bc3viad2aaafian6vbyz5vbvkqehwvaapka.f0.mp4
头发洗护/造型,20,134572.31,1.9504,头发洗护/造型_20_1e95def8.mp4,http://adsmind.gdtimg.com/ads_svp_video__0b53gqadmaaayqaibakj65vbunaegy2aansa.f0.mp4
女性护理,1,253227.54,1.8144,女性护理_01_2d5d28b2.mp4,http://adsmind.gdtimg.com/ads_svp_video__0b53jiaaaaaaxuaiipslhnvbusqeabfaaaca.f0.mp4
女性护理,2,208127.34,1.584,女性护理_02_af75b456.mp4,http://adsmind.gdtimg.com/ads_svp_video__0b53oidxgaahteabt4x7gjur24qeonzao42a.f0.mp4
女性护理,3,205444.4,1.5393,女性护理_03_f7b360b3.mp4,http://adsmind.gdtimg.com/ads_svp_video__0b532aab4aaa2eab2tz5dbvbvuaed3iaahsa.f0.mp4
女性护理,4,129997.78,1.4324,女性护理_04_43b294e0.mp4,http://adsmind.gdtimg.com/ads_svp_video__0bc3feausaabbeae5sze3rvbwkiejeuqcska.f0.mp4
女性护理,5,97022.92,1.3801,女性护理_05_862dba6a.mp4,http://adsmind.gdtimg.com/ads_svp_video__0bc3daayqaab44aeamkemrvbugaeramadcca.f0.mp4
女性护理,6,86202.17,2.4558,女性护理_06_a0673703.mp4,http://adsmind.gdtimg.com/ads_svp_video__0bc33eafkaaawqaisnsigvvbvwiekxmqavka.f0.mp4
女装,1,166614.6,2.5781,女装_01_9a8f34f2.mp4,http://adsmind.gdtimg.com/ads_svp_video__0bc3taadcaaapuagpeslyfvbvgaeggmaamka.f0.mp4
女装,2,131472.0,3.999,女装_02_a17b0bab.mp4,http://adsmind.gdtimg.com/ads_svp_video__0b53nial2aaajmagc2km5rvbu2qexvvabpka.f0.mp4
女装,3,110006.45,2.7089,女装_03_a2551e0d.mp4,http://adsmind.gdtimg.com/ads_svp_video__0bc3wubmcaacuyajhorgxbvbrnieyg2qfqka.f0.mp4
女鞋,1,309744.44,1.3402,女鞋_01_b7330cfb.mp4,http://adsmind.gdtimg.com/ads_svp_video__0bc3byag6aaaheafqlscmfvbudqen4haa32a.f0.mp4
女鞋,2,124167.76,2.5698,女鞋_02_4f4e4125.mp4,http://adsmind.gdtimg.com/ads_svp_video__0b53zycvaaafxeaclccg5rvb5tqekdhakuca.f0.mp4
女鞋,3,88280.13,2.3544,女鞋_03_a3cdc624.mp4,http://adsmind.gdtimg.com/ads_svp_video__0bc3gyaiuaaajeadog2l4rvbunqeri3abcsa.f0.mp4
婴童服/婴童用品,1,298783.3,2.0074,婴童服/婴童用品_01_5f8744d4.mp4,http://adsmind.gdtimg.com/ads_svp_video__0bc3lucg4aaebiadx2xl3bur4xienzoqi3sa.f0.mp4
婴童服/婴童用品,2,281037.67,1.8575,婴童服/婴童用品_02_8cbd4b9a.mp4,http://adsmind.gdtimg.com/ads_svp_video__0bc36qcquaafauanorz6m5vb75aebl2akcsa.f0.mp4
婴童服/婴童用品,3,241258.79,0.985,婴童服/婴童用品_03_d4268e41.mp4,http://adsmind.gdtimg.com/ads_svp_video__0b532qaasaaa2uapo6s62fvbvvaebhkaacka.f0.mp4
婴童服/婴童用品,4,180934.97,1.0081,婴童服/婴童用品_04_22053def.mp4,http://adsmind.gdtimg.com/ads_svp_video__0bc3tqaj6aaam4ambzklz5vbxhaet6oabh2a.f0.mp4
婴童服/婴童用品,5,178368.32,1.188,婴童服/婴童用品_05_816e6afb.mp4,http://adsmind.gdtimg.com/ads_svp_video__0b532iad4aaaoean5dw4cfurvuqeh3jaapsa.f0.mp4
婴童服/婴童用品,6,167430.71,2.4378,婴童服/婴童用品_06_e5169cbf.mp4,http://adsmind.gdtimg.com/ads_svp_video__0bc3ouafyaaa4aaoceiw3vvbu5ielr2qaxca.f0.mp4
婴童服/婴童用品,7,157791.84,1.1862,婴童服/婴童用品_07_50b3f59d.mp4,http://adsmind.gdtimg.com/ads_svp_video__0b53eeaggaaa44aj7cqkmjvbuiiemmqqay2a.f0.mp4
婴童服/婴童用品,8,145214.31,1.6915,婴童服/婴童用品_08_b538d783.mp4,http://adsmind.gdtimg.com/ads_svp_video__0b53jyaugaabmaaktvaxjzvbutqeinhacq2a.f0.mp4
婴童服/婴童用品,9,143819.51,1.2212,婴童服/婴童用品_09_bf00fd2a.mp4,http://adsmind.gdtimg.com/ads_svp_video__0b53qedrsaahiyaeenpuerur3aiedgaqogka.f0.mp4
婴童服/婴童用品,10,140542.04,0.492,婴童服/婴童用品_10_0617f299.mp4,http://adsmind.gdtimg.com/ads_svp_video__0b53secb6aae5yakkvbxwjvb5eied6iqih2a.f0.mp4
婴童服/婴童用品,11,129793.27,2.4422,婴童服/婴童用品_11_fe8b54c6.mp4,http://adsmind.gdtimg.com/ads_svp_video__0b53rqa3oaabpeai3sc5efvbxdaew6gadn2a.f0.mp4
婴童服/婴童用品,12,111402.95,0.6323,婴童服/婴童用品_12_0f1112a4.mp4,http://adsmind.gdtimg.com/ads_svp_video__0bc3bia2saabbuabpzix2bvbwcqevefadkka.f0.mp4
婴童服/婴童用品,13,92832.07,0.6977,婴童服/婴童用品_13_c78d02ab.mp4,http://adsmind.gdtimg.com/ads_svp_video__0bc3f4cj2aaeeqadz3oqurur4lyetuxqjhka.f0.mp4
婴童服/婴童用品,14,89620.21,1.0783,婴童服/婴童用品_14_2cf5c5ca.mp4,http://adsmind.gdtimg.com/ads_svp_video__0bc3cybzaaadhuaaq6znfzvbsfqesalaheca.f0.mp4
婴童服/婴童用品,15,85521.67,1.4745,婴童服/婴童用品_15_b204a910.mp4,http://adsmind.gdtimg.com/ads_svp_video__0bc3o4awaaabyqanvfi3yjurw5yemb3qcyca.f0.mp4
宠物营养品,1,87312.67,1.3046,宠物营养品_01_8d65cae2.mp4,http://adsmind.gdtimg.com/ads_svp_video__0b53qub4eaad5iaetizmxjvbtbieykcqhqsa.f0.mp4
家居饰品,1,332023.67,1.6974,家居饰品_01_d88a7170.mp4,http://adsmind.gdtimg.com/ads_svp_video__0bc3wicq4aafieajt4r2wbvb7mqeb2zakdsa.f0.mp4
家居饰品,2,204389.38,3.5008,家居饰品_02_6300bc7e.mp4,http://adsmind.gdtimg.com/ads_svp_video__0bc3waaacaaafaaixc2dknvbvmaeagyaaaka.f0.mp4
家纺,1,165889.85,3.184,家纺_01_630c107d.mp4,http://adsmind.gdtimg.com/ads_svp_video__0bc3fqcycaafeyahuise4zvb4laeqewalaka.f0.mp4
家纺,2,151916.41,3.1932,家纺_02_0c3eba4d.mp4,http://adsmind.gdtimg.com/ads_svp_video__0b53cyaa2aaaeuakdf7jjfubufqebulaadka.f0.mp4
家纺,3,139763.19,3.6577,家纺_03_b1d244d9.mp4,http://adsmind.gdtimg.com/ads_svp_video__0b532mcn2aaeeeadwyr4tnvb5uye3xjqjxka.f0.mp4
家纺,4,101463.21,3.2054,家纺_04_fb081379.mp4,http://adsmind.gdtimg.com/ads_svp_video__0b53zaabqaaadaappyy7ufvbvsaeddeaagca.f0.mp4
家纺,5,100724.23,1.5039,家纺_05_818eb80b.mp4,http://adsmind.gdtimg.com/ads_svp_video__0bc3ziakqaaapaamwe6xjfurvsqevdfabkca.f0.mp4
家纺,6,98202.0,2.5819,家纺_06_cfbe203f.mp4,http://adsmind.gdtimg.com/ads_svp_video__0b53uidj2aagk4ab3vxo3rurziqetwranhka.f0.mp4
家纺,7,96667.23,2.5757,家纺_07_aa305e97.mp4,http://adsmind.gdtimg.com/ads_svp_video__0bc3q4aegaaaluahvwqf55vbvbyeiodqaq2a.f0.mp4
家纺,8,87655.72,3.8644,家纺_08_ca52447d.mp4,http://adsmind.gdtimg.com/ads_svp_video__0b53eyaiaaaah4afl5qw65vbujqeqatabaca.f0.mp4
彩妆,1,404217.91,2.2247,彩妆_01_162b5c00.mp4,http://adsmind.gdtimg.com/ads_svp_video__0bc36eav4aabnmalxbkvcfvbx4iel3yqcxsa.f0.mp4
彩妆,2,363935.81,3.0257,彩妆_02_dce933f8.mp4,http://adsmind.gdtimg.com/ads_svp_video__0b53nuaseaabseamiy2zejvbu3ieejwqcisa.f0.mp4
彩妆,3,359085.15,1.2873,彩妆_03_933dfae2.mp4,http://adsmind.gdtimg.com/ads_svp_video__0b53oqaqcaabiuaick2v4bvbu5aeaf2acaka.f0.mp4
彩妆,4,265265.44,1.6596,彩妆_04_7cd157cb.mp4,http://adsmind.gdtimg.com/ads_svp_video__0bc3teargaab3qajhvkvujvbxgiecomqce2a.f0.mp4
彩妆,5,243134.64,2.9454,彩妆_05_bf479466.mp4,http://adsmind.gdtimg.com/ads_svp_video__0bc3sqbaqaact4ae7dm6lzurtfaebckaecca.f0.mp4
彩妆,6,240456.18,1.5678,彩妆_06_2b2f18cc.mp4,http://adsmind.gdtimg.com/ads_svp_video__0b536iapgaaal4abm3cudbvbv4qe6pzab42a.f0.mp4
彩妆,7,210406.3,2.6378,彩妆_07_a9e8a6fe.mp4,http://adsmind.gdtimg.com/ads_svp_video__0b53oyalcaaabeaenxsoefvbu5qewf3abmka.f0.mp4
彩妆,8,186943.13,2.3197,彩妆_08_6ddf6b87.mp4,http://adsmind.gdtimg.com/ads_svp_video__0b53o4adwaaaj4aafpbs3nvbu5yehn3qao2a.f0.mp4
彩妆,9,165040.58,1.3615,彩妆_09_5f263151.mp4,http://adsmind.gdtimg.com/ads_svp_video__0bc35iam2aaazmalojkxsjvbv2qezxvabtka.f0.mp4
彩妆,10,134176.44,1.5888,彩妆_10_231acff8.mp4,http://adsmind.gdtimg.com/ads_svp_video__0b53o4bhmaac3uaahjrbwjvbq5yeoz3qe5sa.f0.mp4
彩妆,11,131994.34,2.3737,彩妆_11_214c5453.mp4,http://adsmind.gdtimg.com/ads_svp_video__0b53reassaabcyaacmkx4bvbxciefgeqckka.f0.mp4
彩妆,12,124441.64,2.09,彩妆_12_9d9945f3.mp4,http://adsmind.gdtimg.com/ads_svp_video__0b53eiaxgaabceaahqzh7fvbuiqeomrac42a.f0.mp4
彩妆,13,124188.63,0.8436,彩妆_13_befb3a15.mp4,http://adsmind.gdtimg.com/ads_svp_video__0b53o4dnsaag6iaoqdxntvury5ye3f3qnwka.f0.mp4
彩妆,14,114077.52,2.0935,彩妆_14_36df611a.mp4,http://adsmind.gdtimg.com/ads_svp_video__0b536iaqaaab74akomsv4nvbv4qeadzacaca.f0.mp4
彩妆,15,112367.0,1.6568,彩妆_15_bd029411.mp4,http://adsmind.gdtimg.com/ads_svp_video__0bc3vqbdoaac7aagbctb7rvbtlaeg6waen2a.f0.mp4
彩妆,16,99754.75,2.6793,彩妆_16_857434ed.mp4,http://adsmind.gdtimg.com/ads_svp_video__0bc3wiaccaaammaf64hxhnurvmqeegzaaika.f0.mp4
彩妆,17,97099.81,0.9725,彩妆_17_566d20ab.mp4,http://adsmind.gdtimg.com/ads_svp_video__0bc3puarqaabl4ajr4cvxjvbu7iedb6qcgca.f0.mp4
彩妆,18,95388.84,1.7843,彩妆_18_fbe7775a.mp4,http://adsmind.gdtimg.com/ads_svp_video__0b53aqareaab6ialera4frurwbaecicacesa.f0.mp4
彩妆,19,95297.58,1.1524,彩妆_19_78a52283.mp4,http://adsmind.gdtimg.com/ads_svp_video__0b53seawwaabwmafsu2wa5vbxeienoiqc22a.f0.mp4
彩妆,20,91231.08,1.958,彩妆_20_f6da8a1f.mp4,http://adsmind.gdtimg.com/ads_svp_video__0bc3qaa4maabmmah2cuarzurxaaey2aadrsa.f0.mp4
影音娱乐,1,258068.54,1.6478,影音娱乐_01_3d7b186d.mp4,http://adsmind.gdtimg.com/ads_svp_video__0bc3fmbh6aacriaaeja4fnvbqkyep4vqe72a.f0.mp4
影音娱乐,2,239397.0,1.9342,影音娱乐_02_439f9a96.mp4,http://adsmind.gdtimg.com/ads_svp_video__0bc3aqao4aaad4afar2qq5vbubae5ycab3sa.f0.mp4
影音娱乐,3,174947.46,2.5242,影音娱乐_03_cb873f18.mp4,http://adsmind.gdtimg.com/ads_svp_video__0b534iatgaabnyaerxkuwvvbxyqegpracm2a.f0.mp4
影音娱乐,4,123500.75,2.9706,影音娱乐_04_6c13eb9f.mp4,http://adsmind.gdtimg.com/ads_svp_video__0b53hqa6kaabwiajqik4rnvbwpae4u6adzka.f0.mp4
影音娱乐,5,108760.03,2.8995,影音娱乐_05_8f20e6ea.mp4,http://adsmind.gdtimg.com/ads_svp_video__0b53pian6aaa4iakqfsronvbu6qe355abx2a.f0.mp4
影音娱乐,6,104578.92,3.1557,影音娱乐_06_32839111.mp4,http://adsmind.gdtimg.com/ads_svp_video__0bc3iea3uaabnyadv5s4onvbwqiexjaqdosa.f0.mp4
影音娱乐,7,101131.76,1.7133,影音娱乐_07_572095ed.mp4,http://adsmind.gdtimg.com/ads_svp_video__0b53x4al2aaauqaah3sqorvbvpyexw7qbpka.f0.mp4
影音娱乐,8,89338.0,4.0196,影音娱乐_08_7e884cd0.mp4,http://adsmind.gdtimg.com/ads_svp_video__0b532qa3yaabrmaayas5djvbxvaextkadpca.f0.mp4
成人护理,1,105414.85,3.0364,成人护理_01_d5030213.mp4,http://adsmind.gdtimg.com/ads_svp_video__0b53yiadwaaa7uamaxryzbvbvqqehpbaao2a.f0.mp4
户外服装/运动服装,1,147024.26,1.3582,户外服装/运动服装_01_94a552cd.mp4,http://adsmind.gdtimg.com/ads_svp_video__0bc37mbdkaacumap5cq5rnvbr6yegx5qenka.f0.mp4
户外服装/运动服装,2,132567.91,0.9077,户外服装/运动服装_02_b5172e1f.mp4,http://adsmind.gdtimg.com/ads_svp_video__0bc3fqahsaaa2qaclwkpr5vbulaepewaa6ka.f0.mp4
户外服装/运动服装,3,87415.16,3.3374,户外服装/运动服装_03_c3da4c4f.mp4,http://adsmind.gdtimg.com/ads_svp_video__0b53i4afuaaa4uapzkklsnvburyeljdqawsa.f0.mp4
户外服装/运动服装,4,87169.5,1.9121,户外服装/运动服装_04_e1a62519.mp4,http://adsmind.gdtimg.com/ads_svp_video__0b53duaa6aaaiyacnjif2jvbuhieb4oqad2a.f0.mp4
手机,1,132178.3,3.9831,手机_01_5cc7ac43.mp4,http://adsmind.gdtimg.com/ads_svp_video__0b53lea2kaab4yan5zyttfvbwwieuvmqdjka.f0.mp4
手机,2,86584.12,3.2009,手机_02_0f849f9d.mp4,http://adsmind.gdtimg.com/ads_svp_video__0b537aciaaaeauab5nj6lrvb56aeqd4ajaca.f0.mp4
手机配件,1,127467.0,2.328,手机配件_01_b126de95.mp4,http://adsmind.gdtimg.com/ads_svp_video__0bc3ayaiyaaayqaf47u73jurwbqerqdabdca.f0.mp4
手机配件,2,89875.16,2.5247,手机配件_02_77240bab.mp4,http://adsmind.gdtimg.com/ads_svp_video__0b53fydduaag3qaofi7cjnurylqehixamosa.f0.mp4
手机配件,3,85743.21,2.5337,手机配件_03_ae13dc45.mp4,http://adsmind.gdtimg.com/ads_svp_video__0bc3xyasaaabkaaihskvwbvbvpqeec7acica.f0.mp4
收纳整理,1,165182.06,3.9193,收纳整理_01_6060be7a.mp4,http://adsmind.gdtimg.com/ads_svp_video__0b53fqabqaaahqaaqxcgozvbulaedawaagca.f0.mp4
收纳整理,2,133580.89,1.8664,收纳整理_02_070c8520.mp4,http://adsmind.gdtimg.com/ads_svp_video__0bc37ialoaaaayakeyzibjvbv6qew75abn2a.f0.mp4
收纳整理,3,122105.48,1.9346,收纳整理_03_23f5c9e6.mp4,http://adsmind.gdtimg.com/ads_svp_video__0bc3quaowaaas4ao35ssibvbvbie5ocqb22a.f0.mp4
收纳整理,4,104026.58,4.0356,收纳整理_04_fdf2fcd9.mp4,http://adsmind.gdtimg.com/ads_svp_video__0b53hmawwaabnmapgic4ifvbwoyenm5qc22a.f0.mp4
收纳整理,5,97881.41,2.5572,收纳整理_05_f450e366.mp4,http://adsmind.gdtimg.com/ads_svp_video__0bc3yua7saabwmaacnc4uvvbxrie7hcqd6ka.f0.mp4
收纳整理,6,95334.24,1.5897,收纳整理_06_1847d4d6.mp4,http://adsmind.gdtimg.com/ads_svp_video__0bc3dmac6aaaquapjrkfpvvbugyef4nqal2a.f0.mp4
收纳整理,7,90507.01,4.5875,收纳整理_07_a2d9c20c.mp4,http://adsmind.gdtimg.com/ads_svp_video__0b53piaicaaaouafcrsj2fvbu6qeqf5abaka.f0.mp4
新鲜水果,1,166585.66,2.9266,新鲜水果_01_d4bbb682.mp4,http://adsmind.gdtimg.com/ads_svp_video__0bc3iub4oaadgyabhsrqyzvbsriey5cqhr2a.f0.mp4
新鲜水果,2,159803.85,4.0288,新鲜水果_02_ecc2df2e.mp4,http://adsmind.gdtimg.com/ads_svp_video__0bc3jmadsaaauyaoos2ivrvbusyehffqaoka.f0.mp4
新鲜水果,3,135957.78,3.2463,新鲜水果_03_e1bee374.mp4,http://adsmind.gdtimg.com/ads_svp_video__0b53vyb5iaadtyako5j4krvbrlqe2sxahvca.f0.mp4
新鲜水果,4,120880.25,2.5469,新鲜水果_04_b017fb69.mp4,http://adsmind.gdtimg.com/ads_svp_video__0b536qccoaae6uapz6rxl5vb55aee72aij2a.f0.mp4
新鲜水果,5,87176.41,4.4872,新鲜水果_05_3d1d523a.mp4,http://adsmind.gdtimg.com/ads_svp_video__0b53gicgsaaejmacuaz5wfvb6mqenezai2ka.f0.mp4
新鲜水果,6,86745.31,3.5315,新鲜水果_06_b3b0c303.mp4,http://adsmind.gdtimg.com/ads_svp_video__0b533ycm6aaeeqadg5byonvb5xqez7pajt2a.f0.mp4
方便速食,1,223182.26,2.3391,方便速食_01_ff579eee.mp4,http://adsmind.gdtimg.com/ads_svp_video__0bc3dmafkaaapaaitrhzjrurugyekunqavka.f0.mp4
方便速食,2,181973.97,2.4378,方便速食_02_e050cb18.mp4,http://adsmind.gdtimg.com/ads_svp_video__0b53gibu2aadmiaox5bj4bvbsmqejuzagtka.f0.mp4
方便速食,3,180722.07,3.7799,方便速食_03_476c08b6.mp4,http://adsmind.gdtimg.com/ads_svp_video__0b53giag6aaacaajiokehjurumqen4zaa32a.f0.mp4
方便速食,4,178516.11,2.443,方便速食_04_8ccb7ca7.mp4,http://adsmind.gdtimg.com/ads_svp_video__0b53nuagsaaatyadhrjjvzvbu3ienfwqa2ka.f0.mp4
方便速食,5,149833.96,5.6473,方便速食_05_24c8ca49.mp4,http://adsmind.gdtimg.com/ads_svp_video__0bc3meadgaaamqagcx6xhjuruyiegnqqam2a.f0.mp4
方便速食,6,147495.88,2.762,方便速食_06_67eee006.mp4,http://adsmind.gdtimg.com/ads_svp_video__0bc37iabuaaamqap3filhjvbv6qedl5aagsa.f0.mp4
方便速食,7,140506.41,1.5384,方便速食_07_0650a654.mp4,http://adsmind.gdtimg.com/ads_svp_video__0b53xiaa4aaataapv675gnurvoqeb25aadsa.f0.mp4
方便速食,8,139591.31,2.9309,方便速食_08_a6d3f62e.mp4,http://adsmind.gdtimg.com/ads_svp_video__0b53pmeaqaail4aeomqjf5vbg6yebb5qqcca.f0.mp4
方便速食,9,137157.24,2.4811,方便速食_09_3c886810.mp4,http://adsmind.gdtimg.com/ads_svp_video__0bc35qebcaaigeagvyyjvnvbf3aechwaqeka.f0.mp4
方便速食,10,123073.65,2.1236,方便速食_10_a7907988.mp4,http://adsmind.gdtimg.com/ads_svp_video__0b53qud4maahqqaaif737zur3biey2cqprsa.f0.mp4
方便速食,11,112490.09,2.4489,方便速食_11_a34bb5b5.mp4,http://adsmind.gdtimg.com/ads_svp_video__0bc3aaakaaaajmahy4hzkfuruaaeuaaabica.f0.mp4
方便速食,12,112425.55,6.6531,方便速食_12_bd990e8f.mp4,http://adsmind.gdtimg.com/ads_svp_video__0b53peau6aabmaahobcw4jvbw6iej54qct2a.f0.mp4
方便速食,13,109627.74,5.0786,方便速食_13_0c0e2575.mp4,http://adsmind.gdtimg.com/ads_svp_video__0bc3giceyaaeoyahmmj7lrvb4mqejqzaitca.f0.mp4
方便速食,14,106132.4,4.9664,方便速食_14_8713493a.mp4,http://adsmind.gdtimg.com/ads_svp_video__0bc3s4boiaacfaae5xra3bvbrfye4slqfzca.f0.mp4
方便速食,15,99242.55,1.1881,方便速食_15_ece23e5a.mp4,http://adsmind.gdtimg.com/ads_svp_video__0bc3tmaj2aaa5iaevjqg6vvbvgyetwnqbhka.f0.mp4
方便速食,16,98609.05,5.2985,方便速食_16_ace38d34.mp4,http://adsmind.gdtimg.com/ads_svp_video__0bc3faaa4aaauyadblahajvbukaebyuaadsa.f0.mp4
方便速食,17,94642.0,2.5808,方便速食_17_2dd64b08.mp4,http://adsmind.gdtimg.com/ads_svp_video__0bc3veamuaaa7qakkbympfvbvkiezkuqbssa.f0.mp4
方便速食,18,90521.79,5.4344,方便速食_18_35983907.mp4,http://adsmind.gdtimg.com/ads_svp_video__0bc3omakgaaa3mablmcm4furu4yeunzqbi2a.f0.mp4
方便速食,19,88033.65,1.4898,方便速食_19_038e8914.mp4,http://adsmind.gdtimg.com/ads_svp_video__0b53yuapqaaapyaobq32rjubvrie7dcqb6ca.f0.mp4
方便速食,20,86805.06,4.424,方便速食_20_daf71aa0.mp4,http://adsmind.gdtimg.com/ads_svp_video__0bc3bmbdiaacpuao7axdpzurqcyegqfqenca.f0.mp4
日常学习用品,1,84591.96,2.0309,日常学习用品_01_181e08ba.mp4,http://adsmind.gdtimg.com/ads_svp_video__0b53dqcjoaaezyapfur6kvvb6haes4oajf2a.f0.mp4
时尚饰品,1,264815.07,5.1376,时尚饰品_01_38692d3f.mp4,http://adsmind.gdtimg.com/ads_svp_video__0bc3fiaheaaacqand3r3qfvbukqeoivaa4sa.f0.mp4
时尚饰品,2,190850.68,3.7432,时尚饰品_02_d4ebbb87.mp4,http://adsmind.gdtimg.com/ads_svp_video__0bc374cvgaafjmam5dcg55vb77yekp7qku2a.f0.mp4
时尚饰品,3,121994.96,3.9253,时尚饰品_03_6b6685ea.mp4,http://adsmind.gdtimg.com/ads_svp_video__0b53tectsaafaeafuv2g4fvb7giehgmqkoka.f0.mp4
时尚饰品,4,86835.51,6.689,时尚饰品_04_ee05d5e6.mp4,http://adsmind.gdtimg.com/ads_svp_video__0bc3waaaqaaataanuvb4ajvbvmaebcyaacca.f0.mp4
时尚饰品,5,85151.48,3.343,时尚饰品_05_5d191dbd.mp4,http://adsmind.gdtimg.com/ads_svp_video__0b53jealeaaazaaj2vsqpnvbusiewjeqbmsa.f0.mp4
普通膳食营养食品,1,371694.55,3.327,普通膳食营养食品_01_aa1d7da9.mp4,http://adsmind.gdtimg.com/ads_svp_video__0b53oucvsaafciannw2g4vvb65ielf2qkwka.f0.mp4
普通膳食营养食品,2,287624.99,4.0194,普通膳食营养食品_02_8de0833d.mp4,http://adsmind.gdtimg.com/ads_svp_video__0b53waaw2aabfyadricwanvbxmaenwyac3ka.f0.mp4
普通膳食营养食品,3,242147.53,1.342,普通膳食营养食品_03_614e4b05.mp4,http://adsmind.gdtimg.com/ads_svp_video__0bc32aakkaaa4qanquq6hbvbxuaeuxiabjka.f0.mp4
普通膳食营养食品,4,222270.57,1.5997,普通膳食营养食品_04_ebd27303.mp4,http://adsmind.gdtimg.com/ads_svp_video__0b53dyb3kaadzuac25f5krurshqewupahnka.f0.mp4
普通膳食营养食品,5,174321.86,2.5176,普通膳食营养食品_05_3b657f3b.mp4,http://adsmind.gdtimg.com/ads_svp_video__0b533udmyaagpqaiyuxiazurzxieztoqntca.f0.mp4
普通膳食营养食品,6,167739.16,4.6951,普通膳食营养食品_06_a20cdeb5.mp4,http://adsmind.gdtimg.com/ads_svp_video__0b534eab6aaa3malmi2elbvbvyied7qqah2a.f0.mp4
普通膳食营养食品,7,142397.46,1.7479,普通膳食营养食品_07_1e4cbc4a.mp4,http://adsmind.gdtimg.com/ads_svp_video__0bc3y4aoaaaavyak3ubsf5vbvrye4ddqbyca.f0.mp4
普通膳食营养食品,8,141178.87,3.2324,普通膳食营养食品_08_63ea0464.mp4,http://adsmind.gdtimg.com/ads_svp_video__0bc32mabqaaabqajpj75fnurvuyeddjqagca.f0.mp4
普通膳食营养食品,9,136496.42,2.8225,普通膳食营养食品_09_561802d8.mp4,http://adsmind.gdtimg.com/ads_svp_video__0b53cmaooaaakiaeht2qrjvbueye44jqbz2a.f0.mp4
普通膳食营养食品,10,130423.8,1.4558,普通膳食营养食品_10_8d7622fa.mp4,http://adsmind.gdtimg.com/ads_svp_video__0b53naapaaaauqaczacro5vbu2ae6buab4ca.f0.mp4
普通膳食营养食品,11,128896.08,3.5909,普通膳食营养食品_11_4c903fc3.mp4,http://adsmind.gdtimg.com/ads_svp_video__0bc37yaakaaa7aag6cclcnvbv7qeax7aabka.f0.mp4
普通膳食营养食品,12,125455.08,7.7879,普通膳食营养食品_12_fe1a6bb8.mp4,http://adsmind.gdtimg.com/ads_svp_video__0bc3kacu6aafuiadmukbqrvb4uaej5iakt2a.f0.mp4
普通膳食营养食品,13,124707.8,1.5293,普通膳食营养食品_13_92d1e943.mp4,http://adsmind.gdtimg.com/ads_svp_video__0b5334btoaadsqaeyhzekjvbtxyeg7pqgn2a.f0.mp4
普通膳食营养食品,14,122841.7,1.817,普通膳食营养食品_14_fdeddd70.mp4,http://adsmind.gdtimg.com/ads_svp_video__0bc3auacyaaaruaaqpijenvbubiefqcqalca.f0.mp4
普通膳食营养食品,15,120424.04,3.7839,普通膳食营养食品_15_6403de29.mp4,http://adsmind.gdtimg.com/ads_svp_video__0b53f4adyaaamiany5suajurulyehqxqapca.f0.mp4
普通膳食营养食品,16,115976.51,0.6954,普通膳食营养食品_16_fd12aa9c.mp4,http://adsmind.gdtimg.com/ads_svp_video__0b53dybpwaaciyafdknhunurqhqe7mpaf62a.f0.mp4
普通膳食营养食品,17,114271.1,4.4891,普通膳食营养食品_17_e5edd08e.mp4,http://adsmind.gdtimg.com/ads_svp_video__0b537yceeaae4aacd7js6zvb77qeil7aiqsa.f0.mp4
普通膳食营养食品,18,106703.26,4.9909,普通膳食营养食品_18_ac1d54be.mp4,http://adsmind.gdtimg.com/ads_svp_video__0b53eybgeaac7aacdsbccvvbqjqemitaeysa.f0.mp4
普通膳食营养食品,19,105728.23,2.292,普通膳食营养食品_19_a0545efc.mp4,http://adsmind.gdtimg.com/ads_svp_video__0b53rqce4aae6iapbj6hizur5daej2gaitsa.f0.mp4
普通膳食营养食品,20,105616.31,1.7893,普通膳食营养食品_20_2e273445.mp4,http://adsmind.gdtimg.com/ads_svp_video__0bc3mqbaeaaccuap3ui2n5vbszaeajsaeasa.f0.mp4
智能设备,1,127565.79,3.5006,智能设备_01_9cc4fb65.mp4,http://adsmind.gdtimg.com/ads_svp_video__0bc3lqasoaabjuaiz72sjvvbwxaee5oacj2a.f0.mp4
智能设备,2,125270.0,3.1599,智能设备_02_dc551123.mp4,http://adsmind.gdtimg.com/ads_svp_video__0bc3kmaviaab7aaabmr7nfubwuyekrjqcvca.f0.mp4
智能设备,3,114445.96,3.1397,智能设备_03_4ad9e20f.mp4,http://adsmind.gdtimg.com/ads_svp_video__0bc3diaciaaawmamgoar5vurugqeeqnaajca.f0.mp4
智能设备,4,113497.51,2.4472,智能设备_04_fa4615a2.mp4,http://adsmind.gdtimg.com/ads_svp_video__0b53c4arkaabayal43kstvvbwfyeculqcfka.f0.mp4
智能设备,5,98006.76,2.4821,智能设备_05_8d671615.mp4,http://adsmind.gdtimg.com/ads_svp_video__0b53xebg6aac3eahnljdzfvbroien64qe32a.f0.mp4
汽车内饰品,1,294384.22,2.5037,汽车内饰品_01_2a02b744.mp4,http://adsmind.gdtimg.com/ads_svp_video__0b53syaasaaaomahkdkhwvvbvfqebglaacka.f0.mp4
汽车内饰品,2,178513.28,1.7843,汽车内饰品_02_58f58182.mp4,http://adsmind.gdtimg.com/ads_svp_video__0bc3ymaf4aaa6uamalkmxbvbvqyel3bqaxsa.f0.mp4
洗护清洁/除臭剂/纸品,1,869703.76,2.4959,洗护清洁/除臭剂/纸品_01_9f3bdf37.mp4,http://adsmind.gdtimg.com/ads_svp_video__0b53g4cnsaaeuuafuzjyvzvb6nye3e3qjwka.f0.mp4
洗护清洁/除臭剂/纸品,2,717543.39,1.9077,洗护清洁/除臭剂/纸品_02_04b06276.mp4,http://adsmind.gdtimg.com/ads_svp_video__0b536aaccaaakaafpiz6frvbv4aeehyaaika.f0.mp4
洗护清洁/除臭剂/纸品,3,431000.74,3.8774,洗护清洁/除臭剂/纸品_03_4178e0e3.mp4,http://adsmind.gdtimg.com/ads_svp_video__0b53g4cdeaaedyakb4bqt5vb6nyegi3qimsa.f0.mp4
洗护清洁/除臭剂/纸品,4,313543.12,3.1164,洗护清洁/除臭剂/纸品_04_a3ca6eb5.mp4,http://adsmind.gdtimg.com/ads_svp_video__0bc3gqaieaaatiaeewsme5vbunaeqi2abasa.f0.mp4
洗护清洁/除臭剂/纸品,5,295482.42,1.7734,洗护清洁/除臭剂/纸品_05_37a17aab.mp4,http://adsmind.gdtimg.com/ads_svp_video__0b5334abeaaafiahrx25ynvbvxyeclpqaesa.f0.mp4
洗护清洁/除臭剂/纸品,6,292168.05,0.9082,洗护清洁/除臭剂/纸品_06_561f9b53.mp4,http://adsmind.gdtimg.com/ads_svp_video__0bc3hedriaahryahvi7wrburyoiecq4qofca.f0.mp4
洗护清洁/除臭剂/纸品,7,283009.31,1.9208,洗护清洁/除臭剂/纸品_07_79620693.mp4,http://adsmind.gdtimg.com/ads_svp_video__0b53liacwaaammahddhivruruwqefnnaak2a.f0.mp4
洗护清洁/除臭剂/纸品,8,281603.75,1.2875,洗护清洁/除臭剂/纸品_08_c498322d.mp4,http://adsmind.gdtimg.com/ads_svp_video__0b53ueb5iaadleamxyznwfvbriie2sqqhvca.f0.mp4
洗护清洁/除臭剂/纸品,9,279352.53,1.1747,洗护清洁/除臭剂/纸品_09_9953e0f3.mp4,http://adsmind.gdtimg.com/ads_svp_video__0bc36edywaahyaao7wxs4zur34ierpyqpc2a.f0.mp4
洗护清洁/除臭剂/纸品,10,260784.35,2.3825,洗护清洁/除臭剂/纸品_10_cb38a2a7.mp4,http://adsmind.gdtimg.com/ads_svp_video__0bc3maa7maableag7as6mbvbwyae6zqad5sa.f0.mp4
洗护清洁/除臭剂/纸品,11,258868.16,6.6793,洗护清洁/除臭剂/纸品_11_bee38919.mp4,http://adsmind.gdtimg.com/ads_svp_video__0bc3nuajkaaakiagdgzrinvbw3iesvwqbfka.f0.mp4
洗护清洁/除臭剂/纸品,12,232249.46,2.5175,洗护清洁/除臭剂/纸品_12_e7d508f5.mp4,http://adsmind.gdtimg.com/ads_svp_video__0b53taaiaaaa6eabyskqpvvbvgaeqcmabaca.f0.mp4
洗护清洁/除臭剂/纸品,13,227335.27,2.5226,洗护清洁/除臭剂/纸品_13_a05931a0.mp4,http://adsmind.gdtimg.com/ads_svp_video__0bc3tyatqaab3iadg2yqsrvbxhqehcpacoca.f0.mp4
洗护清洁/除臭剂/纸品,14,212050.06,2.3895,洗护清洁/除臭剂/纸品_14_0f8fdfd3.mp4,http://adsmind.gdtimg.com/ads_svp_video__0bc34aagiaaacyadim2mvrvbxyaemtqaazca.f0.mp4
洗护清洁/除臭剂/纸品,15,206804.03,3.6165,洗护清洁/除臭剂/纸品_15_fc6ace28.mp4,http://adsmind.gdtimg.com/ads_svp_video__0bc3vybqqaad6ean6rkaw5vbtlqebcxagcca.f0.mp4
洗护清洁/除臭剂/纸品,16,204839.79,1.2038,洗护清洁/除臭剂/纸品_16_2de4b05e.mp4,http://adsmind.gdtimg.com/ads_svp_video__0bc3euafqaaakmano5jpr5vbujielasqawca.f0.mp4
洗护清洁/除臭剂/纸品,17,201771.91,2.667,洗护清洁/除臭剂/纸品_17_5b46d48f.mp4,http://adsmind.gdtimg.com/ads_svp_video__0bc3uqbggaacjuamzcbavbvbtjaemosaey2a.f0.mp4
洗护清洁/除臭剂/纸品,18,198266.74,1.2553,洗护清洁/除臭剂/纸品_18_f38b9186.mp4,http://adsmind.gdtimg.com/ads_svp_video__0bc3kaaaeaaaoyapyh2envvbuuaeajiaaasa.f0.mp4
洗护清洁/除臭剂/纸品,19,195183.98,3.1416,洗护清洁/除臭剂/纸品_19_0ce0b6cc.mp4,http://adsmind.gdtimg.com/ads_svp_video__0b53uiacaaaapmapw6kenrvbxiqeecraaica.f0.mp4
洗护清洁/除臭剂/纸品,20,179101.44,3.9491,洗护清洁/除臭剂/纸品_20_119ef1ce.mp4,http://adsmind.gdtimg.com/ads_svp_video__0b53iiacmaaaweakmc3dgjvbuqqeezbaajsa.f0.mp4
海外膳食营养补充食品,1,174455.47,3.5022,海外膳食营养补充食品_01_446643f0.mp4,http://adsmind.gdtimg.com/ads_svp_video__0b53euag2aaajeajpcryqnvbujienusqa3ka.f0.mp4
海外膳食营养补充食品,2,131162.67,3.9065,海外膳食营养补充食品_02_dfc4306c.mp4,http://adsmind.gdtimg.com/ads_svp_video__0bc32aagyaaaaiac6nzgvvvbvuaentiaa3ca.f0.mp4
海鲜/水产制品,1,180696.45,4.0703,海鲜/水产制品_01_a17014a6.mp4,http://adsmind.gdtimg.com/ads_svp_video__0b53w4aj4aaavuaeqli6hjvbxnyet23qbhsa.f0.mp4
海鲜/水产制品,2,161992.64,3.7622,海鲜/水产制品_02_d07c3a12.mp4,http://adsmind.gdtimg.com/ads_svp_video__0bc3gibhuaac74ame6jve5ubqmqepizae6sa.f0.mp4
海鲜/水产制品,3,115881.53,4.3935,海鲜/水产制品_03_d18fc591.mp4,http://adsmind.gdtimg.com/ads_svp_video__0b535mbvkaadpealdfwdrnubt2yekxvqgvka.f0.mp4
海鲜/水产制品,4,109504.41,2.0272,海鲜/水产制品_04_b98e4c0d.mp4,http://adsmind.gdtimg.com/ads_svp_video__0bc3kyaeqaaadeadlw2jzvubuvqejblaasca.f0.mp4
海鲜/水产制品,5,109218.08,4.0427,海鲜/水产制品_05_c79a194b.mp4,http://adsmind.gdtimg.com/ads_svp_video__0b53zubteaadk4aiu6ri5fvbttieglgqgmsa.f0.mp4
海鲜/水产制品,6,106179.27,2.7029,海鲜/水产制品_06_c7174634.mp4,http://adsmind.gdtimg.com/ads_svp_video__0b534qbe4aacgaairbi5grvbrzaej3saetsa.f0.mp4
清洁工具,1,352842.73,4.2212,清洁工具_01_0b9344ed.mp4,http://adsmind.gdtimg.com/ads_svp_video__0b53imcamaae7aakcsrlknvb4qyeazbqibsa.f0.mp4
清洁工具,2,130702.05,1.5207,清洁工具_02_29176d07.mp4,http://adsmind.gdtimg.com/ads_svp_video__0bc3jmal4aaa5aaagyrtnfvbwsyexzfqbpsa.f0.mp4
清洁工具,3,124922.92,2.7719,清洁工具_03_6663be6a.mp4,http://adsmind.gdtimg.com/ads_svp_video__0b535icv6aafeuajf6wqdnur72qel7vakx2a.f0.mp4
清洁工具,4,103774.03,2.2557,清洁工具_04_f2212b4d.mp4,http://adsmind.gdtimg.com/ads_svp_video__0bc3wecv2aafpyajau6qgzur7mielwyqkxka.f0.mp4
清洁工具,5,90092.34,2.2893,清洁工具_05_138865ac.mp4,http://adsmind.gdtimg.com/ads_svp_video__0b532uabcaaapiaaxrkhrvvbvviechkqaeka.f0.mp4
烘焙原辅料/半成品/食品添加剂,1,268646.53,2.6153,烘焙原辅料/半成品/食品添加剂_01_1f40c3a0.mp4,http://adsmind.gdtimg.com/ads_svp_video__0b53vmakaaaadmacgga2efvbvkyeucvqbica.f0.mp4
烘焙原辅料/半成品/食品添加剂,2,138628.5,1.631,烘焙原辅料/半成品/食品添加剂_02_90a75bf5.mp4,http://adsmind.gdtimg.com/ads_svp_video__0bc3mmciuaaexqal466drbur6yyerjrqjcsa.f0.mp4
生活用品,1,289669.94,3.2741,生活用品_01_01ab4922.mp4,http://adsmind.gdtimg.com/ads_svp_video__0bc3keadgaaaviacgoj5gfvbwuiegniqam2a.f0.mp4
生活用品,2,265638.5,1.5467,生活用品_02_4e2a67f5.mp4,http://adsmind.gdtimg.com/ads_svp_video__0b53ria3caabquae22k5pbvbxcqewgfadmka.f0.mp4
生活用品,3,200550.19,1.4154,生活用品_03_69a84e7c.mp4,http://adsmind.gdtimg.com/ads_svp_video__0b53jqadqaaahaacru2fpfvbwtaehbgaaoca.f0.mp4
生活用品,4,175483.87,4.3692,生活用品_04_494693b4.mp4,http://adsmind.gdtimg.com/ads_svp_video__0b53s4abeaaacqaeabq5ubvbvfyecklqaesa.f0.mp4
生活用品,5,95898.3,0.889,生活用品_05_8b253509.mp4,http://adsmind.gdtimg.com/ads_svp_video__0bc3aeaagaaaeaaonjygb5vbuaieamaqaa2a.f0.mp4
生活电器,1,337785.72,2.7146,生活电器_01_1d720c6a.mp4,http://adsmind.gdtimg.com/ads_svp_video__0b53fmagoaaayeajxikjbjvbukyem4vqaz2a.f0.mp4
生活电器,2,247189.97,4.8748,生活电器_02_8dce6310.mp4,http://adsmind.gdtimg.com/ads_svp_video__0bc3riaaaaaatyan6jsenvvbvcqeacfaaaca.f0.mp4
生活电器,3,240962.99,3.5298,生活电器_03_25545573.mp4,http://adsmind.gdtimg.com/ads_svp_video__0b534maniaaa7yapbncoqzvbvyye2trqbvca.f0.mp4
生活电器,4,217107.86,3.1874,生活电器_04_74196520.mp4,http://adsmind.gdtimg.com/ads_svp_video__0b53yuamcaaa2aadgnsu25vbvrieyhcqbqka.f0.mp4
生活电器,5,152770.22,1.9874,生活电器_05_89b485ad.mp4,http://adsmind.gdtimg.com/ads_svp_video__0b53bmae6aaac4anvdbyx5vbucyej4fqat2a.f0.mp4
生活电器,6,140724.51,2.8858,生活电器_06_f1ae9de1.mp4,http://adsmind.gdtimg.com/ads_svp_video__0b53smcm2aaepyapcrzt6vvb5eyezwjqjtka.f0.mp4
生活电器,7,126781.84,2.3881,生活电器_07_c94e2076.mp4,http://adsmind.gdtimg.com/ads_svp_video__0b53kqaykaab4uaao6gckvuruvaeqvkadbka.f0.mp4
生活电器,8,124808.24,0.8478,生活电器_08_87c72114.mp4,http://adsmind.gdtimg.com/ads_svp_video__0b53miaiwaaazmadzkakijvbuyqernrabc2a.f0.mp4
生活电器,9,124023.43,5.06,生活电器_09_09b2f1ad.mp4,http://adsmind.gdtimg.com/ads_svp_video__0bc33qddwaaggqanztphhfurzxaehpoamo2a.f0.mp4
生活电器,10,116627.08,5.9733,生活电器_10_b9cb2e77.mp4,http://adsmind.gdtimg.com/ads_svp_video__0bc3zuck6aae5qahbkjyonvb5tiev7gqjl2a.f0.mp4
生活电器,11,113158.93,2.718,生活电器_11_8967a0ac.mp4,http://adsmind.gdtimg.com/ads_svp_video__0bc3eecjyaae44aawsb7kbvb6iietqqqjhca.f0.mp4
生活电器,12,110773.71,5.2056,生活电器_12_171eaafc.mp4,http://adsmind.gdtimg.com/ads_svp_video__0bc3uuakeaaafeaa2ccm7zvbvjieuksqbisa.f0.mp4
生活电器,13,110693.3,2.8044,生活电器_13_e8e88fa0.mp4,http://adsmind.gdtimg.com/ads_svp_video__0bc3riac2aaahqabdtzx3rvbvcqefwfaalka.f0.mp4
生活电器,14,103038.41,2.8,生活电器_14_32d3ce1d.mp4,http://adsmind.gdtimg.com/ads_svp_video__0b53sqahcaaaxiadqjldu5vbvfaeogkaa4ka.f0.mp4
生活电器,15,97829.37,4.1111,生活电器_15_0b8869bf.mp4,http://adsmind.gdtimg.com/ads_svp_video__0b5374b4uaad44apjt2bk5vbt7yezl7qhssa.f0.mp4
生活电器,16,93607.28,3.733,生活电器_16_f294e88f.mp4,http://adsmind.gdtimg.com/ads_svp_video__0b53vma4oaabbqamfkq7znvbvkyey6vqdr2a.f0.mp4
生活电器,17,92912.87,2.4966,生活电器_17_d5b274ed.mp4,http://adsmind.gdtimg.com/ads_svp_video__0b53wqabiaaaouaety2uwbvbvnaecs2aafca.f0.mp4
生活电器,18,92500.51,2.0941,生活电器_18_99402c9e.mp4,http://adsmind.gdtimg.com/ads_svp_video__0b536uabwaaaqyamrz2fibvbx5iedp2qag2a.f0.mp4
生活电器,19,89138.15,2.6606,生活电器_19_af658f51.mp4,http://adsmind.gdtimg.com/ads_svp_video__0bc36ybxaaadciafczjnvjvbt5qeod3ag4ca.f0.mp4
生活电器,20,86719.65,2.2625,生活电器_20_6a0dd81c.mp4,http://adsmind.gdtimg.com/ads_svp_video__0b5374aewaaabqabigivgrvbv7yejp7qas2a.f0.mp4
生肉/肉制品,1,348517.08,2.519,生肉/肉制品_01_c36b9e42.mp4,http://adsmind.gdtimg.com/ads_svp_video__0b536qal2aaasyapvc2o2bvbv5aexx2abpka.f0.mp4
生肉/肉制品,2,320421.05,2.5703,生肉/肉制品_02_28d71b20.mp4,http://adsmind.gdtimg.com/ads_svp_video__0bc3xyaeeaaaeqakxnkmxzvbvpqeik7aaqsa.f0.mp4
生肉/肉制品,3,232880.26,3.1917,生肉/肉制品_03_7cbd75cf.mp4,http://adsmind.gdtimg.com/ads_svp_video__0bc3aaaaiaaab4afhkkgujvbuaaeaqaaabca.f0.mp4
生肉/肉制品,4,226733.53,2.9463,生肉/肉制品_04_49575474.mp4,http://adsmind.gdtimg.com/ads_svp_video__0bc36mam2aaaz4abq2y6jjvbv4yezxzqbtka.f0.mp4
生肉/肉制品,5,216559.94,1.96,生肉/肉制品_05_003ede33.mp4,http://adsmind.gdtimg.com/ads_svp_video__0bc3zqab6aaavaaet5sgozvbvtaed7gaah2a.f0.mp4
生肉/肉制品,6,172909.61,1.9464,生肉/肉制品_06_41d3e3d6.mp4,http://adsmind.gdtimg.com/ads_svp_video__0bc37mcewaaeamad75r6ivvb56yejp5qis2a.f0.mp4
生肉/肉制品,7,161521.48,3.7568,生肉/肉制品_07_df507234.mp4,http://adsmind.gdtimg.com/ads_svp_video__0b53heab6aaaq4aa22c6zzvbwoied44qah2a.f0.mp4
生肉/肉制品,8,139852.59,4.003,生肉/肉制品_08_54deea54.mp4,http://adsmind.gdtimg.com/ads_svp_video__0b5374ausaab6eaiclwbszurx7yejh7qcska.f0.mp4
生肉/肉制品,9,134602.89,3.64,生肉/肉制品_09_6cb3823b.mp4,http://adsmind.gdtimg.com/ads_svp_video__0b53eqbjoaacamagftjfqzvbqjaes4saff2a.f0.mp4
生肉/肉制品,10,131881.36,2.5875,生肉/肉制品_10_0d6e596f.mp4,http://adsmind.gdtimg.com/ads_svp_video__0b536ia6aaabceadeyi74fvbx4qe4dzadyca.f0.mp4
生肉/肉制品,11,105424.44,2.7324,生肉/肉制品_11_c3a8a22c.mp4,http://adsmind.gdtimg.com/ads_svp_video__0bc35iabyaaa4qadrvsgpfvbv2qedtvaahca.f0.mp4
生肉/肉制品,12,104353.58,2.605,生肉/肉制品_12_478feff9.mp4,http://adsmind.gdtimg.com/ads_svp_video__0b53xmahaaaa6iahakcfkvvbvoyeoc5qa4ca.f0.mp4
生肉/肉制品,13,102675.62,2.9683,生肉/肉制品_13_5bf60e9c.mp4,http://adsmind.gdtimg.com/ads_svp_video__0b53uyafgaaahiakxk2ihvvbvjqekotaau2a.f0.mp4
生肉/肉制品,14,86946.64,2.8287,生肉/肉制品_14_deadc729.mp4,http://adsmind.gdtimg.com/ads_svp_video__0bc3cubeqaacxyaj3li4hzvbqfiejakqesca.f0.mp4
电子教育产品,1,169928.57,2.2159,电子教育产品_01_4cacd791.mp4,http://adsmind.gdtimg.com/ads_svp_video__0bc3cmaz4aabpyahlns3bvvbweyetyjqdhsa.f0.mp4
电脑及周边,1,238981.94,1.2647,电脑及周边_01_8a65dc6c.mp4,http://adsmind.gdtimg.com/ads_svp_video__0bc324b6eaadviag55zqhnvbtvye4llqhysa.f0.mp4
电脑及周边,2,228790.6,1.3152,电脑及周边_02_21e842ac.mp4,http://adsmind.gdtimg.com/ads_svp_video__0b53gmbdmaaczualcwa4t5vbqmyegyzqensa.f0.mp4
电脑及周边,3,174110.54,1.1287,电脑及周边_03_dbe7aed7.mp4,http://adsmind.gdtimg.com/ads_svp_video__0b53tmaf4aaamuant7a66vvbvgyel2nqaxsa.f0.mp4
电脑及周边,4,137896.26,1.6092,电脑及周边_04_1b89526e.mp4,http://adsmind.gdtimg.com/ads_svp_video__0bc3xubhoaacnaaprwjbwfvbrpieo66qe52a.f0.mp4
电脑及周边,5,134925.96,2.1148,电脑及周边_05_907e5b50.mp4,http://adsmind.gdtimg.com/ads_svp_video__0bc35iaauaaa5qadjq2fmbvbv2qeblvaacsa.f0.mp4
电脑及周边,6,126262.75,2.4777,电脑及周边_06_a4a454c0.mp4,http://adsmind.gdtimg.com/ads_svp_video__0bc3juamsaaaamakrscqlrvbutiezfgqbska.f0.mp4
电脑及周边,7,115219.8,2.2145,电脑及周边_07_24ae531d.mp4,http://adsmind.gdtimg.com/ads_svp_video__0bc3iebdsaacx4al5wa4jrvbqqiehfaqeoka.f0.mp4
电脑及周边,8,86218.77,1.7057,电脑及周边_08_6bb5ccd0.mp4,http://adsmind.gdtimg.com/ads_svp_video__0b53tya46aabmaaeqaq7yjvbxhqez6padt2a.f0.mp4
男装,1,265413.33,1.9207,男装_01_f66a1c53.mp4,http://adsmind.gdtimg.com/ads_svp_video__0b53xmaaaaaasqapaxr4bvvbvoyeac5qaaca.f0.mp4
男装,2,209730.41,1.8357,男装_02_f07f2059.mp4,http://adsmind.gdtimg.com/ads_svp_video__0bc3smbuiaad5maexszjyrvbteyeisjqgrca.f0.mp4
男装,3,145812.49,1.7132,男装_03_2f7a5742.mp4,http://adsmind.gdtimg.com/ads_svp_video__0b53huayiaabqaapnvkz5fvbwpieqq6qdbca.f0.mp4
男装,4,117498.09,2.1498,男装_04_8da203db.mp4,http://adsmind.gdtimg.com/ads_svp_video__0bc3hmac2aaa2aam6wk67rvbuoyefu5qalka.f0.mp4
男装,5,89534.28,0.5593,男装_05_d71a72bd.mp4,http://adsmind.gdtimg.com/ads_svp_video__0b53oybwyaadsianwqhd2burs5qenr3ag3ca.f0.mp4
男装,6,85716.46,1.7046,男装_06_fa00191b.mp4,http://adsmind.gdtimg.com/ads_svp_video__0bc33qafaaaad4aabhg7mvurvxaekdoaauca.f0.mp4
男鞋,1,283123.84,2.8042,男鞋_01_33efb62f.mp4,http://adsmind.gdtimg.com/ads_svp_video__0bc3dqaacaaabyadkycguvvbwhaeaeoaaaka.f0.mp4
男鞋,2,133683.86,1.7252,男鞋_02_10c555e2.mp4,http://adsmind.gdtimg.com/ads_svp_video__0bc3kuabyaaaqualubz4dbvbuviedrkqahca.f0.mp4
白酒,1,269285.77,2.4347,白酒_01_b9988e46.mp4,http://adsmind.gdtimg.com/ads_svp_video__0b53iqaacaaamaadxckgvfvburaeafcaaaka.f0.mp4
白酒,2,118211.16,3.8314,白酒_02_46ced41e.mp4,http://adsmind.gdtimg.com/ads_svp_video__0bc3jaakqaaaayai3cso2bvbusaevbeabkca.f0.mp4
白酒,3,113493.43,1.8735,白酒_03_9a4d8c3b.mp4,http://adsmind.gdtimg.com/ads_svp_video__0b53puabsaaafuaetvshrjvbw7iedf6qagka.f0.mp4
白酒,4,97505.58,2.4118,白酒_04_422c1801.mp4,http://adsmind.gdtimg.com/ads_svp_video__0b53eibdyaaceuajmkyyp5vbqiqehqraepca.f0.mp4
益智玩具,1,108249.57,1.1957,益智玩具_01_9998f8c2.mp4,http://adsmind.gdtimg.com/ads_svp_video__0bc3qqaksaaauaaimwen4vurvbaevgcabkka.f0.mp4
眼镜及配件,1,185705.09,1.2573,眼镜及配件_01_4cdf0ff0.mp4,http://adsmind.gdtimg.com/ads_svp_video__0bc3pibayaacomag4izad5vbq6qebr5aedca.f0.mp4
眼镜及配件,2,160215.14,1.7907,眼镜及配件_02_bbb1a37c.mp4,http://adsmind.gdtimg.com/ads_svp_video__0b53yubuoaadyeag7gjprzvbtriei7cqgr2a.f0.mp4
眼镜及配件,3,152335.93,3.2034,眼镜及配件_03_1456319f.mp4,http://adsmind.gdtimg.com/ads_svp_video__0b53h4cqcaafzqabiych7nvb6pyeae7qkaka.f0.mp4
眼镜及配件,4,127526.22,1.9402,眼镜及配件_04_40e9299a.mp4,http://adsmind.gdtimg.com/ads_svp_video__0b53bycamaaex4ahq5jwojvb6dqeayhaibsa.f0.mp4
眼镜及配件,5,124509.67,2.4121,眼镜及配件_05_51a289ff.mp4,http://adsmind.gdtimg.com/ads_svp_video__0bc3hibheaacg4aeim3gdrvbqoqeoi5ae4sa.f0.mp4
眼镜及配件,6,112036.23,3.0721,眼镜及配件_06_c3145be5.mp4,http://adsmind.gdtimg.com/ads_svp_video__0bc3cacu4aafsqaf27sh45vb6eaejyiaktsa.f0.mp4
眼镜及配件,7,96311.68,4.932,眼镜及配件_07_da79e146.mp4,http://adsmind.gdtimg.com/ads_svp_video__0bc3lmbnaaace4aauxznxvvbqwye2bnqfuca.f0.mp4
眼镜及配件,8,85513.11,2.6262,眼镜及配件_08_3b5156f7.mp4,http://adsmind.gdtimg.com/ads_svp_video__0b53iialwaaacuaiira2ybvbuqqexnbabo2a.f0.mp4
童装/亲子装,1,151180.24,1.502,童装/亲子装_01_4905436f.mp4,http://adsmind.gdtimg.com/ads_svp_video__0bc3tmafaaaa2yaauqv2onubvgyekcnqauca.f0.mp4
箱包皮具,1,186687.7,3.3975,箱包皮具_01_9be3dce4.mp4,http://adsmind.gdtimg.com/ads_svp_video__0b532eb5kaadu4afyzrrcfvbtuie2xiqhvka.f0.mp4
箱包皮具,2,146242.34,2.6663,箱包皮具_02_e73b9595.mp4,http://adsmind.gdtimg.com/ads_svp_video__0bc3vaalqaaahaaaiuhh7furxkaexcuaboca.f0.mp4
箱包皮具,3,122577.74,1.4773,箱包皮具_03_f0deed3e.mp4,http://adsmind.gdtimg.com/ads_svp_video__0b534qad2aaayianrmrdknurxzaehxsaapka.f0.mp4
箱包皮具,4,92583.33,3.5138,箱包皮具_04_85610585.mp4,http://adsmind.gdtimg.com/ads_svp_video__0b53piavkaabwead3xcw7rvbw6qekv5acvka.f0.mp4
粮油米面/南北干货,1,300780.8,3.9432,粮油米面/南北干货_01_4861b323.mp4,http://adsmind.gdtimg.com/ads_svp_video__0b532uateaablaafgrfqnfubxvieglkqcmsa.f0.mp4
粮油米面/南北干货,2,182309.67,3.2291,粮油米面/南北干货_02_7510a630.mp4,http://adsmind.gdtimg.com/ads_svp_video__0bc32qadmaaafiacnjhlcfubvvaeg3kaansa.f0.mp4
粮油米面/南北干货,3,165718.1,2.8681,粮油米面/南北干货_03_4fcb71f5.mp4,http://adsmind.gdtimg.com/ads_svp_video__0b53qico2aae3eahlew4tzur7aqe5wbaj3ka.f0.mp4
粮油米面/南北干货,4,127968.04,1.7389,粮油米面/南北干货_04_298f3583.mp4,http://adsmind.gdtimg.com/ads_svp_video__0b53mqbvgaaddqad72nrejurszaeknsagu2a.f0.mp4
粮油米面/南北干货,5,114767.61,4.4193,粮油米面/南北干货_05_30faec2c.mp4,http://adsmind.gdtimg.com/ads_svp_video__0b53ima46aabayak6f63q5uruqyez5bqdt2a.f0.mp4
美妆工具,1,218092.07,2.9505,美妆工具_01_d8ad12a3.mp4,http://adsmind.gdtimg.com/ads_svp_video__0bc3lqcdmaaecmafrpz6ervb4xaegzoainsa.f0.mp4
茗茶,1,384488.41,1.5871,茗茶_01_ec2c7d0c.mp4,http://adsmind.gdtimg.com/ads_svp_video__0b53mubdgaacv4ahtsi4jbvbqziegnsqem2a.f0.mp4
茗茶,2,137056.54,2.5008,茗茶_02_d1e72c4c.mp4,http://adsmind.gdtimg.com/ads_svp_video__0bc3biakyaaaniao3cz2ivvbucqevqfablca.f0.mp4
茗茶,3,110696.69,10.0624,茗茶_03_762c7e6f.mp4,http://adsmind.gdtimg.com/ads_svp_video__0bc3naaayaaajmaiwycgtbvbu2aebruaadca.f0.mp4
茗茶,4,108687.61,2.3214,茗茶_04_0f9f9f92.mp4,http://adsmind.gdtimg.com/ads_svp_video__0b53wialgaaaziaphursmbvbvmqewozabm2a.f0.mp4
茗茶,5,103737.52,8.3353,茗茶_05_1f76ee45.mp4,http://adsmind.gdtimg.com/ads_svp_video__0b533ucfyaaegaafteb5qbvb5xieltoqixca.f0.mp4
计生用品,1,294710.02,1.7938,计生用品_01_e227f299.mp4,http://adsmind.gdtimg.com/ads_svp_video__0b53reae2aaayeaitbzyxrvbvciejweqatka.f0.mp4
计生用品,2,190679.99,2.2667,计生用品_02_bc7e4b40.mp4,http://adsmind.gdtimg.com/ads_svp_video__0b53nyaqsaabemabi2ktmjvbw3qebfxaccka.f0.mp4
计生用品,3,174487.34,2.0738,计生用品_03_b2286c1f.mp4,http://adsmind.gdtimg.com/ads_svp_video__0bc3qactsaafjmao2ckfj5vb7aaehgaakoka.f0.mp4
计生用品,4,115525.48,3.2887,计生用品_04_73587d3e.mp4,http://adsmind.gdtimg.com/ads_svp_video__0b53jqcrqaaf5uagdoj2mfvb6taedbgakgca.f0.mp4
计生用品,5,110343.06,1.521,计生用品_05_3025b38c.mp4,http://adsmind.gdtimg.com/ads_svp_video__0b53p4aogaaanaaesa2rjfvbu7ye4n7qby2a.f0.mp4
调味品/果酱/沙拉,1,311376.42,2.5762,调味品/果酱/沙拉_01_7591c69a.mp4,http://adsmind.gdtimg.com/ads_svp_video__0b53nqabiaaa4uapdrbu7jvbw3aecrwaafca.f0.mp4
调味品/果酱/沙拉,2,217233.02,2.4906,调味品/果酱/沙拉_02_d0ed0220.mp4,http://adsmind.gdtimg.com/ads_svp_video__0b53veagyaaavqajv5su4vvbvkiensuqa3ca.f0.mp4
调味品/果酱/沙拉,3,207830.1,5.8663,调味品/果酱/沙拉_03_c0a86e6b.mp4,http://adsmind.gdtimg.com/ads_svp_video__0bc3fqanwaaayaap7t2scjvbwlae3mwabw2a.f0.mp4
调味品/果酱/沙拉,4,148244.02,2.473,调味品/果酱/沙拉_04_9116d66c.mp4,http://adsmind.gdtimg.com/ads_svp_video__0b53feascaabkaak3xkvl5vbwkieeeuqcika.f0.mp4
调味品/果酱/沙拉,5,142154.2,1.4306,调味品/果酱/沙拉_05_acd47de9.mp4,http://adsmind.gdtimg.com/ads_svp_video__0bc3xych6aaeqaagi2wvejub5pqep67ai72a.f0.mp4
调味品/果酱/沙拉,6,136252.84,8.0378,调味品/果酱/沙拉_06_c2f4226b.mp4,http://adsmind.gdtimg.com/ads_svp_video__0b53fmaryaab2ealaw2vwfvbwkyedqvqchca.f0.mp4
调味品/果酱/沙拉,7,128242.4,7.7827,调味品/果酱/沙拉_07_3dbb03ce.mp4,http://adsmind.gdtimg.com/ads_svp_video__0bc3vyapcaaakyanb42smjvbxlqe6gxab4ka.f0.mp4
调味品/果酱/沙拉,8,126858.91,2.2495,调味品/果酱/沙拉_08_cbcb90ae.mp4,http://adsmind.gdtimg.com/ads_svp_video__0b53ieanuaaabqapifcscbvbuqie3jaqbwsa.f0.mp4
调味品/果酱/沙拉,9,123052.96,1.4283,调味品/果酱/沙拉_09_fb84c116.mp4,http://adsmind.gdtimg.com/ads_svp_video__0b53emadsaaat4ao5eig6fvbwiyeherqaoka.f0.mp4
调味品/果酱/沙拉,10,116975.79,3.5502,调味品/果酱/沙拉_10_66373059.mp4,http://adsmind.gdtimg.com/ads_svp_video__0bc3gmakcaaa3maguoyovzvbwmyeuezqbika.f0.mp4
调味品/果酱/沙拉,11,115728.67,2.3594,调味品/果酱/沙拉_11_02d636b7.mp4,http://adsmind.gdtimg.com/ads_svp_video__0bc3nqbauaac34ag565u2furs3aebjwaecsa.f0.mp4
调味品/果酱/沙拉,12,114278.3,10.158,调味品/果酱/沙拉_12_3bd5debc.mp4,http://adsmind.gdtimg.com/ads_svp_video__0bc3ryaryaabgaalmssvrbvbvdqedshachca.f0.mp4
调味品/果酱/沙拉,13,93704.55,1.2606,调味品/果酱/沙拉_13_61847484.mp4,http://adsmind.gdtimg.com/ads_svp_video__0b53vqbekaac6aai2ufaorurtlaeiwwaerka.f0.mp4
调味品/果酱/沙拉,14,92226.11,2.4036,调味品/果酱/沙拉_14_203e4fcc.mp4,http://adsmind.gdtimg.com/ads_svp_video__0bc3dqalmaaamean2r2qprvbuhaewyoabnsa.f0.mp4
调味品/果酱/沙拉,15,92099.88,1.4252,调味品/果酱/沙拉_15_4be35a8c.mp4,http://adsmind.gdtimg.com/ads_svp_video__0b53byanmaaa4aaa7kzxazurudqe2yhabvsa.f0.mp4
调味品/果酱/沙拉,16,89591.25,1.6414,调味品/果酱/沙拉_16_afa0d29c.mp4,http://adsmind.gdtimg.com/ads_svp_video__0b53naa4waabwiaii5q3ozvbu2aeznuads2a.f0.mp4
调味品/果酱/沙拉,17,89305.07,3.0191,调味品/果酱/沙拉_17_37f326aa.mp4,http://adsmind.gdtimg.com/ads_svp_video__0bc3syasiaab6iannpaornvbxfqeeslacjca.f0.mp4
调味品/果酱/沙拉,18,86622.22,1.1253,调味品/果酱/沙拉_18_feb54d84.mp4,http://adsmind.gdtimg.com/ads_svp_video__0bc3ouaaqaaareaosmkekvvbw5iebb2qacca.f0.mp4
足部洗护,1,294321.82,4.3591,足部洗护_01_ca7fe73f.mp4,http://adsmind.gdtimg.com/ads_svp_video__0bc34uansaaaoaanhwkxtfvbvzie3hsqbwka.f0.mp4
足部洗护,2,256700.05,3.726,足部洗护_02_178803f4.mp4,http://adsmind.gdtimg.com/ads_svp_video__0bc3nqataaabbyag2ecvlvvbw3aegbwacmca.f0.mp4
足部洗护,3,220321.28,4.0112,足部洗护_03_a57e2d1f.mp4,http://adsmind.gdtimg.com/ads_svp_video__0b53w4aseaabhaaozrkvwzvbxnyeek3qcisa.f0.mp4
足部洗护,4,205152.24,1.8185,足部洗护_04_4b1dd1e4.mp4,http://adsmind.gdtimg.com/ads_svp_video__0b53laaewaaa3yance2aivvbuwaejnmaas2a.f0.mp4
足部洗护,5,200106.93,3.6755,足部洗护_05_97db7f2d.mp4,http://adsmind.gdtimg.com/ads_svp_video__0b53geaveaab6iapo4cubbvbwmiekiyqcusa.f0.mp4
足部洗护,6,150594.74,1.664,足部洗护_06_a5c326df.mp4,http://adsmind.gdtimg.com/ads_svp_video__0b53uead2aaaiqan6dkaffvbviiehwqqapka.f0.mp4
足部洗护,7,101996.09,3.1516,足部洗护_07_902000a8.mp4,http://adsmind.gdtimg.com/ads_svp_video__0bc3amabmaaa7qahwcklczvbuayecybqafsa.f0.mp4
足部洗护,8,92482.34,2.6602,足部洗护_08_80cc8c28.mp4,http://adsmind.gdtimg.com/ads_svp_video__0b53ueacoaaakiaewz2uqvvbviiee6qqaj2a.f0.mp4
足部洗护,9,89763.61,2.7263,足部洗护_09_14b651a1.mp4,http://adsmind.gdtimg.com/ads_svp_video__0b53vqadaaaaxaadxj2xtrvbvlaegcwaamca.f0.mp4
足部洗护,10,87355.71,2.4359,足部洗护_10_1d13aa9e.mp4,http://adsmind.gdtimg.com/ads_svp_video__0bc3f4cx2aaf5iaksesb2nvb6lyepuxqk7ka.f0.mp4
足部洗护,11,86523.81,2.86,足部洗护_11_ed71d603.mp4,http://adsmind.gdtimg.com/ads_svp_video__0b53wiag4aaapiafwuscmnvbxmqen2zaa3sa.f0.mp4
身体洗护,1,113221.57,0.8296,身体洗护_01_e2de5ff4.mp4,http://adsmind.gdtimg.com/ads_svp_video__0b53uica4aaepmal25zum5vb5iqeb2raidsa.f0.mp4
身体洗护,2,111416.2,1.9232,身体洗护_02_8ddc1acb.mp4,http://adsmind.gdtimg.com/ads_svp_video__0bc3aebaoaacjqajlqa4zrvbqaiea4aqeb2a.f0.mp4
身体洗护,3,109024.46,2.1505,身体洗护_03_d916ccc3.mp4,http://adsmind.gdtimg.com/ads_svp_video__0b53meapsaaaeyaj45rtgzvbuyie7fqqb6ka.f0.mp4
身体洗护,4,99294.78,1.1068,身体洗护_04_01e247c5.mp4,http://adsmind.gdtimg.com/ads_svp_video__0b53febjuaacheadspa5ubvbqkietiuqfgsa.f0.mp4
身体洗护,5,88639.56,1.3507,身体洗护_05_df28df4c.mp4,http://adsmind.gdtimg.com/ads_svp_video__0b53r4bykaadqqabe255gjurtdyeqwhqhbka.f0.mp4
运动/休闲玩具,1,198315.25,2.3316,运动/休闲玩具_01_a1200111.mp4,http://adsmind.gdtimg.com/ads_svp_video__0b533mcgsaaejualow6d6zur5wyenhnqi2ka.f0.mp4
运动装备,1,206544.21,0.7753,运动装备_01_e33979f3.mp4,http://adsmind.gdtimg.com/ads_svp_video__0bc3smawkaabs4ailyro3nvbxeyemwjqczka.f0.mp4
防晒,1,302602.47,3.2567,防晒_01_5976bc57.mp4,http://adsmind.gdtimg.com/ads_svp_video__0b53faab2aaadaagag2hrbvbukaeduuaahka.f0.mp4
防晒,2,208818.29,1.754,防晒_02_8345869f.mp4,http://adsmind.gdtimg.com/ads_svp_video__0b53gqaiaaaaneaohcseszvbunaeqa2abaca.f0.mp4
防晒,3,191800.74,1.5995,防晒_03_aabcbd89.mp4,http://adsmind.gdtimg.com/ads_svp_video__0bc3fyabkaaapiadij2hqfvbulqecuxaafka.f0.mp4
防晒,4,140176.03,1.6081,防晒_04_a1a1986d.mp4,http://adsmind.gdtimg.com/ads_svp_video__0bc3puaucaab7qaemn2xyrvbw7ieif6qcqka.f0.mp4
防晒,5,98552.65,1.1013,防晒_05_c30ac743.mp4,http://adsmind.gdtimg.com/ads_svp_video__0b53eaadeaaahmaeyykj7nvbuiaegiqaamsa.f0.mp4
防晒,6,86171.25,1.0774,防晒_06_778b72f0.mp4,http://adsmind.gdtimg.com/ads_svp_video__0b53saabsaaa2madrw2htrvbveaedgiaagka.f0.mp4
露营/野炊/旅行装备,1,117762.51,5.4424,露营/野炊/旅行装备_01_bf5a8f41.mp4,http://adsmind.gdtimg.com/ads_svp_video__0bc3nebtiaadpialj45mvburs2iegruqgnca.f0.mp4
露营/野炊/旅行装备,2,85106.43,1.1018,露营/野炊/旅行装备_02_3d2f6e79.mp4,http://adsmind.gdtimg.com/ads_svp_video__0b53rmajmaaaluaotcqg75vbvcyes2fqbfsa.f0.mp4
面部洗护,1,1012626.85,3.8115,面部洗护_01_2a5859e7.mp4,http://adsmind.gdtimg.com/ads_svp_video__0bc32aaa2aaan4alkbkhyvvbvuaebxiaadka.f0.mp4
面部洗护,2,814646.39,2.1178,面部洗护_02_71ad4636.mp4,http://adsmind.gdtimg.com/ads_svp_video__0b53cmad2aaa2macnqsjsbvbueyehujqapka.f0.mp4
面部洗护,3,698612.61,0.8498,面部洗护_03_a021ccc5.mp4,http://adsmind.gdtimg.com/ads_svp_video__0b53nuammaaabmaiw7iodfvbu3ieyzwqbrsa.f0.mp4
面部洗护,4,670951.07,2.7424,面部洗护_04_a0352045.mp4,http://adsmind.gdtimg.com/ads_svp_video__0bc33actoaafj4aodhker5vb5waeg7makn2a.f0.mp4
面部洗护,5,667861.07,2.37,面部洗护_05_6193e1db.mp4,http://adsmind.gdtimg.com/ads_svp_video__0bc3kqaiaaaa4aabljkninvbuvaeqbkabaca.f0.mp4
面部洗护,6,585923.54,1.9112,面部洗护_06_5cb222a0.mp4,http://adsmind.gdtimg.com/ads_svp_video__0b53keaayaaayuahpujhy5vbwuiebriqadca.f0.mp4
面部洗护,7,583069.49,2.157,面部洗护_07_f1a27310.mp4,http://adsmind.gdtimg.com/ads_svp_video__0b53wyaniaaadyapszspr5vbvnqe2s3abvca.f0.mp4
面部洗护,8,569088.75,3.1966,面部洗护_08_6fd63f03.mp4,http://adsmind.gdtimg.com/ads_svp_video__0bc3kiabyaaaqqack42gojvbuuqedrjaahca.f0.mp4
面部洗护,9,548789.26,2.0628,面部洗护_09_679fe7eb.mp4,http://adsmind.gdtimg.com/ads_svp_video__0bc3paa3uaabo4acw5k5f5vbw6aexj4adosa.f0.mp4
面部洗护,10,495896.43,1.5822,面部洗护_10_13610cb8.mp4,http://adsmind.gdtimg.com/ads_svp_video__0bc3keabqaaaeqalbpj3dfvbuuiedbiqagca.f0.mp4
面部洗护,11,448366.8,1.32,面部洗护_11_6c3ea15d.mp4,http://adsmind.gdtimg.com/ads_svp_video__0bc3aqa66aabc4afwei3szvbwbae54cad32a.f0.mp4
面部洗护,12,431631.54,2.3689,面部洗护_12_be31590a.mp4,http://adsmind.gdtimg.com/ads_svp_video__0b53bybdgaacueagdli4trvbsdqegmhaem2a.f0.mp4
面部洗护,13,427702.16,1.1347,面部洗护_13_045fba24.mp4,http://adsmind.gdtimg.com/ads_svp_video__0b53oqcj6aaegqanawj2sfvb45aet52ajh2a.f0.mp4
面部洗护,14,405223.04,1.5437,面部洗护_14_7306fdfe.mp4,http://adsmind.gdtimg.com/ads_svp_video__0bc34uawiaabmeaeyiq3ozvbxziemtsqczca.f0.mp4
面部洗护,15,374000.65,4.9516,面部洗护_15_a37a7de6.mp4,http://adsmind.gdtimg.com/ads_svp_video__0bc3ziaaiaaaneajnz75hjurvsqeatfaabca.f0.mp4
面部洗护,16,361502.61,3.2654,面部洗护_16_d488df0d.mp4,http://adsmind.gdtimg.com/ads_svp_video__0bc3z4cgmaae4qanvpzxgvvb5tyem3hqizsa.f0.mp4
面部洗护,17,340003.46,2.3813,面部洗护_17_a8458a00.mp4,http://adsmind.gdtimg.com/ads_svp_video__0bc3xaaakaaa2yajcusdjbvbvoaeaw4aabka.f0.mp4
面部洗护,18,339984.52,1.8497,面部洗护_18_e857dfce.mp4,http://adsmind.gdtimg.com/ads_svp_video__0bc3xyajgaaakqaivzkbsnvbvpqeso7abe2a.f0.mp4
面部洗护,19,328577.41,5.2881,面部洗护_19_3fedb420.mp4,http://adsmind.gdtimg.com/ads_svp_video__0bc3vebv2aadeyafgxbkgvvbtkielwuqgxka.f0.mp4
面部洗护,20,323848.13,2.6039,面部洗护_20_8892c794.mp4,http://adsmind.gdtimg.com/ads_svp_video__0bc3bmbcyaacoqao46j2sjvbqcyefqfqelca.f0.mp4
饮料冲调,1,1603445.5,3.3435,饮料冲调_01_8a03fdad.mp4,http://adsmind.gdtimg.com/ads_svp_video__0b534qac6aaapiaejrcixrvbvzaef7saal2a.f0.mp4
饮料冲调,2,1295635.47,3.8963,饮料冲调_02_1b0449ba.mp4,http://adsmind.gdtimg.com/ads_svp_video__0b53aaavqaabkaaludkfvbvbwaaelaaacwca.f0.mp4
饮料冲调,3,1270265.76,2.3089,饮料冲调_03_807cd766.mp4,http://adsmind.gdtimg.com/ads_svp_video__0bc3smapcaaalqan6t2sm5vbxeye6gjqb4ka.f0.mp4
饮料冲调,4,1196625.87,2.3876,饮料冲调_04_1ab76943.mp4,http://adsmind.gdtimg.com/ads_svp_video__0bc34yaa6aaa2qajoi2mgbvbvzqeb7taad2a.f0.mp4
饮料冲调,5,1147040.26,5.5127,饮料冲调_05_2a1acded.mp4,http://adsmind.gdtimg.com/ads_svp_video__0b53pmab4aaapqab7hswwrvbu6yedz5qahsa.f0.mp4
饮料冲调,6,771516.11,4.7189,饮料冲调_06_2787d81f.mp4,http://adsmind.gdtimg.com/ads_svp_video__0b53iuafaaaa6madovchafvburiekbcqauca.f0.mp4
饮料冲调,7,764892.86,4.7652,饮料冲调_07_507731ca.mp4,http://adsmind.gdtimg.com/ads_svp_video__0b53syaj6aaadmaimnsctzvbvfqet6labh2a.f0.mp4
饮料冲调,8,652870.55,2.2611,饮料冲调_08_9a0fd5bd.mp4,http://adsmind.gdtimg.com/ads_svp_video__0b53qmcr4aaf5maaphshyrvb7ayed2bqkhsa.f0.mp4
饮料冲调,9,623746.01,2.0348,饮料冲调_09_e54241ad.mp4,http://adsmind.gdtimg.com/ads_svp_video__0bc33qchiaaeeaaljnj7pfvb5xaeotoai5ca.f0.mp4
饮料冲调,10,532442.46,3.9525,饮料冲调_10_3e6a922f.mp4,http://adsmind.gdtimg.com/ads_svp_video__0b53uiakmaaaqiahl72qjvvbviqeu2rabjsa.f0.mp4
饮料冲调,11,504272.04,2.3235,饮料冲调_11_18b9c1cc.mp4,http://adsmind.gdtimg.com/ads_svp_video__0b53b4aaeaaaoyaedccgvnvbudyeaihqaasa.f0.mp4
饮料冲调,12,392531.23,7.1536,饮料冲调_12_6271ac81.mp4,http://adsmind.gdtimg.com/ads_svp_video__0b53hib2iaad5iags4bqwzvbsoqeuq5ahjca.f0.mp4
饮料冲调,13,387510.25,1.5033,饮料冲调_13_8b508e5c.mp4,http://adsmind.gdtimg.com/ads_svp_video__0bc3wmakaaaaluaeiecmzfvbxmyeuczqbica.f0.mp4
饮料冲调,14,377850.92,3.1032,饮料冲调_14_998c1b17.mp4,http://adsmind.gdtimg.com/ads_svp_video__0b53rqaamaaayeaksvkdkzvbvdaea2gaabsa.f0.mp4
饮料冲调,15,360708.12,5.168,饮料冲调_15_aa35efd8.mp4,http://adsmind.gdtimg.com/ads_svp_video__0b53wyaosaaavyaoi3ksj5vbvnqe5g3ab2ka.f0.mp4
饮料冲调,16,341042.43,2.8099,饮料冲调_16_3f05611c.mp4,http://adsmind.gdtimg.com/ads_svp_video__0b53iqaioaaapqab5ysl5zvburaeq5cabb2a.f0.mp4
饮料冲调,17,336467.6,4.4302,饮料冲调_17_558c96d3.mp4,http://adsmind.gdtimg.com/ads_svp_video__0bc3s4adsaaalqaogrcivvvbvfyehglqaoka.f0.mp4
饮料冲调,18,335141.96,1.6664,饮料冲调_18_1003831f.mp4,http://adsmind.gdtimg.com/ads_svp_video__0bc3auahkaaasmaoht7qyburwbieoucqa5ka.f0.mp4
饮料冲调,19,333209.57,4.2441,饮料冲调_19_3f2fa11a.mp4,http://adsmind.gdtimg.com/ads_svp_video__0b53eqakmaaa5eacho2pnnvbujaeuysabjsa.f0.mp4
饮料冲调,20,330375.4,4.5703,饮料冲调_20_61b6f098.mp4,http://adsmind.gdtimg.com/ads_svp_video__0bc3diaz4aabteaekrs4nzvbwgqetynadhsa.f0.mp4
香水/香水用品,1,165093.78,2.0365,香水/香水用品_01_567e7d7d.mp4,http://adsmind.gdtimg.com/ads_svp_video__0bc3tmaeqaaahqaobiruv5vbvgyejcnqasca.f0.mp4
香水/香水用品,2,94113.1,1.8066,香水/香水用品_02_768faa74.mp4,http://adsmind.gdtimg.com/ads_svp_video__0b53dqbt6aadmmabirjngnvbqhaeh4oagp2a.f0.mp4
